Temps;Canal A;Canal B
(us);(V);(V)

-100,15999578;5,12741500;5,98193300
-100,07999578;5,03769000;5,98193300
-99,99999578;5,12741500;5,98193300
-99,91999578;5,12741500;5,98193300
-99,83999578;5,12741500;5,98193300
-99,75999578;5,12741500;5,98193300
-99,67999578;5,12741500;5,98193300
-99,59999579;5,12741500;5,98193300
-99,51999579;5,12741500;5,98193300
-99,43999579;5,12741500;5,98193300
-99,35999579;5,12741500;5,98193300
-99,27999579;5,12741500;5,98193300
-99,19999579;5,12741500;5,98193300
-99,11999579;5,12741500;5,89220900
-99,03999579;5,12741500;5,98193300
-98,95999579;5,21683400;5,98193300
-98,87999579;5,21683400;5,98193300
-98,79999579;5,21683400;5,98193300
-98,71999579;5,21683400;5,98193300
-98,63999579;5,21683400;5,98193300
-98,55999579;5,21683400;5,98193300
-98,47999579;5,21683400;5,98193300
-98,39999579;5,21683400;5,98193300
-98,31999579;5,21683400;5,98193300
-98,23999579;5,21683400;5,98193300
-98,15999579;5,21683400;5,98193300
-98,07999579;5,21683400;5,98193300
-97,99999579;5,21683400;5,98193300
-97,91999580;5,21683400;5,98193300
-97,83999580;5,21683400;5,98193300
-97,75999580;5,21683400;5,98193300
-97,67999580;5,21683400;5,98193300
-97,59999580;5,21683400;5,98193300
-97,51999580;5,30655900;5,98193300
-97,43999580;5,21683400;5,98193300
-97,35999580;5,21683400;5,98193300
-97,27999580;5,30655900;5,98193300
-97,19999580;5,30655900;5,98193300
-97,11999580;5,21683400;5,98193300
-97,03999580;5,30655900;5,98193300
-96,95999580;5,30655900;5,98193300
-96,87999580;5,30655900;5,98193300
-96,79999580;5,30655900;5,98193300
-96,71999580;5,30655900;5,98193300
-96,63999580;5,30655900;5,98193300
-96,55999580;5,30655900;5,98193300
-96,47999580;5,30655900;5,98193300
-96,39999580;5,30655900;5,98193300
-96,31999581;5,30655900;5,98193300
-96,23999581;5,30655900;5,98193300
-96,15999581;5,30655900;5,98193300
-96,07999581;5,30655900;5,98193300
-95,99999581;5,30655900;5,98193300
-95,91999581;5,30655900;5,98193300
-95,83999581;5,30655900;5,98193300
-95,75999581;5,30655900;5,98193300
-95,67999581;5,30655900;5,98193300
-95,59999581;5,30655900;5,98193300
-95,51999581;5,30655900;5,98193300
-95,43999581;5,30655900;5,98193300
-95,35999581;5,30655900;5,98193300
-95,27999581;5,30655900;5,98193300
-95,19999581;5,39628300;6,07135200
-95,11999581;5,30655900;5,98193300
-95,03999581;5,39628300;5,98193300
-94,95999581;5,39628300;5,98193300
-94,87999581;5,39628300;5,98193300
-94,79999581;5,39628300;5,98193300
-94,71999581;5,39628300;5,98193300
-94,63999582;5,39628300;5,98193300
-94,55999582;5,39628300;5,98193300
-94,47999582;5,30655900;5,98193300
-94,39999582;5,39628300;5,98193300
-94,31999582;5,30655900;6,07135200
-94,23999582;5,39628300;5,98193300
-94,15999582;5,39628300;5,98193300
-94,07999582;5,39628300;5,98193300
-93,99999582;5,48570200;5,98193300
-93,91999582;5,39628300;5,98193300
-93,83999582;5,48570200;5,98193300
-93,75999582;5,39628300;5,98193300
-93,67999582;5,39628300;5,98193300
-93,59999582;5,48570200;5,98193300
-93,51999582;5,48570200;5,89220900
-93,43999582;5,48570200;5,98193300
-93,35999582;5,48570200;5,98193300
-93,27999582;5,39628300;5,89220900
-93,19999582;5,48570200;5,98193300
-93,11999582;5,48570200;5,89220900
-93,03999582;5,48570200;5,98193300
-92,95999583;5,48570200;5,89220900
-92,87999583;5,48570200;5,89220900
-92,79999583;5,48570200;5,89220900
-92,71999583;5,48570200;5,89220900
-92,63999583;5,48570200;5,71306500
-92,55999583;5,39628300;5,35477800
-92,47999583;5,48570200;4,81704100
-92,39999583;5,48570200;4,18988600
-92,31999583;5,48570200;3,65245500
-92,23999583;5,48570200;2,93557500
-92,15999583;5,39628300;2,30872500
-92,07999583;5,39628300;1,59184600
-91,99999583;5,39628300;0,87527080
-91,91999583;5,30655900;0,33753470
-91,83999583;5,30655900;0,15839110
-91,75999583;5,21683400;0,06866664
-91,67999583;5,21683400;0,15839110
-91,59999583;5,21683400;0,06866664
-91,51999583;5,12741500;0,15839110
-91,43999583;5,12741500;0,15839110
-91,35999584;5,03769000;0,15839110
-91,27999584;5,03769000;0,15839110
-91,19999584;4,94827100;0,15839110
-91,11999584;4,94827100;0,15839110
-91,03999584;4,94827100;0,15839110
-90,95999584;4,94827100;0,15839110
-90,87999584;4,94827100;0,15839110
-90,79999584;4,85854700;0,15839110
-90,71999584;4,85854700;0,15839110
-90,63999584;4,76882200;0,06866664
-90,55999584;4,76882200;0,15839110
-90,47999584;4,67940300;0,06866664
-90,39999584;4,67940300;0,06866664
-90,31999584;4,67940300;0,15839110
-90,23999584;4,67940300;0,15839110
-90,15999584;4,58967900;0,06866664
-90,07999584;4,58967900;0,15839110
-89,99999584;4,58967900;0,15839110
-89,91999584;4,49995400;0,15839110
-89,83999584;4,49995400;0,06866664
-89,75999584;4,49995400;0,15839110
-89,67999585;4,49995400;0,06866664
-89,59999585;4,41053500;0,15839110
-89,51999585;4,32081100;0,06866664
-89,43999585;4,32081100;0,15839110
-89,35999585;4,32081100;0,06866664
-89,27999585;4,32081100;0,06866664
-89,19999585;4,23108600;0,06866664
-89,11999585;4,23108600;0,06866664
-89,03999585;4,23108600;0,15839110
-88,95999585;4,23108600;0,15839110
-88,87999585;4,23108600;0,06866664
-88,79999585;4,14166700;0,15839110
-88,71999585;4,14166700;0,06866664
-88,63999585;4,05194200;0,15839110
-88,55999585;4,05194200;0,06866664
-88,47999585;3,96221800;0,15839110
-88,39999585;4,05194200;0,15839110
-88,31999585;3,96221800;0,06866664
-88,23999585;3,96221800;0,15839110
-88,15999585;3,96221800;0,06866664
-88,07999586;3,87279900;0,15839110
-87,99999586;3,87279900;0,06866664
-87,91999586;3,87279900;0,15839110
-87,83999586;3,78307400;0,06866664
-87,75999586;3,78307400;0,06866664
-87,67999586;3,78307400;0,06866664
-87,59999586;3,78307400;0,06866664
-87,51999586;3,69365500;0,06866664
-87,43999586;3,69365500;0,06866664
-87,35999586;3,69365500;0,06866664
-87,27999586;3,60393100;0,06866664
-87,19999586;3,60393100;0,06866664
-87,11999586;3,60393100;0,06866664
-87,03999586;3,60393100;0,06866664
-86,95999586;3,51420600;0,06866664
-86,87999586;3,51420600;0,06866664
-86,79999586;3,51420600;0,06866664
-86,71999586;3,51420600;0,06866664
-86,63999586;3,51420600;0,06866664
-86,55999586;3,51420600;0,06866664
-86,47999586;3,42478700;0,06866664
-86,39999587;3,42478700;0,06866664
-86,31999587;3,33506300;0,15839110
-86,23999587;3,42478700;0,06866664
-86,15999587;3,33506300;0,15839110
-86,07999587;3,33506300;0,06866664
-85,99999587;3,33506300;0,06866664
-85,91999587;3,24533800;0,06866664
-85,83999587;3,24533800;0,06866664
-85,75999587;3,24533800;0,06866664
-85,67999587;3,15591900;0,06866664
-85,59999587;3,15591900;0,06866664
-85,51999587;3,15591900;0,06866664
-85,43999587;3,15591900;0,06866664
-85,35999587;3,15591900;0,06866664
-85,27999587;3,15591900;0,06866664
-85,19999587;3,06619500;0,06866664
-85,11999587;3,06619500;0,06866664
-85,03999587;3,06619500;0,06866664
-84,95999587;3,06619500;0,06866664
-84,87999587;2,97647000;0,06866664
-84,79999588;2,97647000;0,06866664
-84,71999588;2,97647000;0,06866664
-84,63999588;2,97647000;0,06866664
-84,55999588;2,97647000;0,06866664
-84,47999588;2,88705100;0,06866664
-84,39999588;2,88705100;0,06866664
-84,31999588;2,79732700;0,06866664
-84,23999588;2,88705100;0,06866664
-84,15999588;2,79732700;0,06866664
-84,07999588;2,79732700;0,06866664
-83,99999588;2,79732700;0,06866664
-83,91999588;2,79732700;0,06866664
-83,83999588;2,79732700;0,06866664
-83,75999588;2,70790700;0,06866664
-83,67999588;2,70790700;0,06866664
-83,59999588;2,70790700;0,06866664
-83,51999588;2,70790700;0,06866664
-83,43999588;2,70790700;0,06866664
-83,35999588;2,70790700;0,06866664
-83,27999588;2,61818300;0,06866664
-83,19999588;2,61818300;0,06866664
-83,11999589;2,61818300;0,06866664
-83,03999589;2,61818300;0,06866664
-82,95999589;2,61818300;0,06866664
-82,87999589;2,61818300;0,06866664
-82,79999589;2,52845900;0,06866664
-82,71999589;2,52845900;0,06866664
-82,63999589;2,43903900;0,06866664
-82,55999589;2,43903900;0,06866664
-82,47999589;2,43903900;0,06866664
-82,39999589;2,43903900;0,06866664
-82,31999589;2,43903900;0,06866664
-82,23999589;2,43903900;0,06866664
-82,15999589;2,43903900;0,06866664
-82,07999589;2,34931500;0,15839110
-81,99999589;2,43903900;0,06866664
-81,91999589;2,34931500;0,06866664
-81,83999589;2,34931500;0,06866664
-81,75999589;2,34931500;0,06866664
-81,67999589;2,34931500;0,06866664
-81,59999589;2,25959000;0,06866664
-81,51999590;2,25959000;0,06866664
-81,43999590;2,25959000;0,06866664
-81,35999590;2,25959000;0,06866664
-81,27999590;2,25959000;0,06866664
-81,19999590;2,25959000;0,06866664
-81,11999590;2,17017100;0,06866664
-81,03999590;2,17017100;0,06866664
-80,95999590;2,17017100;0,06866664
-80,87999590;2,17017100;0,06866664
-80,79999590;2,17017100;0,06866664
-80,71999590;2,17017100;0,06866664
-80,63999590;2,08044700;0,06866664
-80,55999590;2,08044700;0,06866664
-80,47999590;2,08044700;0,06866664
-80,39999590;2,08044700;0,06866664
-80,31999590;2,08044700;0,06866664
-80,23999590;2,08044700;0,06866664
-80,15999590;2,08044700;0,06866664
-80,07999590;2,08044700;0,06866664
-79,99999590;1,99072200;0,06866664
-79,91999590;1,99072200;0,06866664
-79,83999591;1,99072200;0,06866664
-79,75999591;1,99072200;0,06866664
-79,67999591;1,99072200;0,06866664
-79,59999591;1,99072200;0,06866664
-79,51999591;1,99072200;0,06866664
-79,43999591;1,90130300;0,06866664
-79,35999591;1,90130300;0,06866664
-79,27999591;1,90130300;0,06866664
-79,19999591;1,90130300;0,06866664
-79,11999591;1,90130300;0,06866664
-79,03999591;1,90130300;0,06866664
-78,95999591;1,81157900;0,06866664
-78,87999591;1,90130300;0,06866664
-78,79999591;1,81157900;0,06866664
-78,71999591;1,90130300;0,06866664
-78,63999591;1,81157900;0,06866664
-78,55999591;1,72185400;-0,02075259
-78,47999591;1,81157900;0,06866664
-78,39999591;1,81157900;0,06866664
-78,31999591;1,72185400;0,15839110
-78,23999591;1,72185400;0,06866664
-78,15999592;1,72185400;-0,02075259
-78,07999592;1,72185400;0,06866664
-77,99999592;1,72185400;0,06866664
-77,91999592;1,72185400;0,06866664
-77,83999592;1,72185400;-0,02075259
-77,75999592;1,72185400;0,06866664
-77,67999592;1,63243500;0,06866664
-77,59999592;1,63243500;-0,02075259
-77,51999592;1,63243500;0,15839110
-77,43999592;1,63243500;0,06866664
-77,35999592;1,63243500;0,06866664
-77,27999592;1,63243500;0,06866664
-77,19999592;1,63243500;0,06866664
-77,11999592;1,63243500;0,06866664
-77,03999592;1,63243500;0,06866664
-76,95999592;1,63243500;0,06866664
-76,87999592;1,54271100;0,06866664
-76,79999592;1,54271100;0,06866664
-76,71999592;1,54271100;0,06866664
-76,63999592;1,54271100;0,06866664
-76,55999593;1,54271100;0,06866664
-76,47999593;1,54271100;0,06866664
-76,39999593;1,45329100;0,06866664
-76,31999593;1,54271100;0,06866664
-76,23999593;1,54271100;0,06866664
-76,15999593;1,45329100;0,06866664
-76,07999593;1,45329100;0,06866664
-75,99999593;1,45329100;0,06866664
-75,91999593;1,45329100;0,06866664
-75,83999593;1,45329100;0,06866664
-75,75999593;1,36356700;-0,02075259
-75,67999593;1,45329100;0,06866664
-75,59999593;1,45329100;0,06866664
-75,51999593;1,36356700;0,06866664
-75,43999593;1,36356700;0,06866664
-75,35999593;1,36356700;0,06866664
-75,27999593;1,36356700;0,06866664
-75,19999593;1,36356700;0,06866664
-75,11999593;1,36356700;0,06866664
-75,03999593;1,36356700;0,06866664
-74,95999593;1,36356700;0,06866664
-74,87999594;1,36356700;0,06866664
-74,79999594;1,36356700;-0,02075259
-74,71999594;1,36356700;0,06866664
-74,63999594;1,36356700;0,06866664
-74,55999594;1,27384300;0,06866664
-74,47999594;1,27384300;-0,02075259
-74,39999594;1,27384300;0,06866664
-74,31999594;1,27384300;0,06866664
-74,23999594;1,27384300;0,06866664
-74,15999594;1,27384300;0,06866664
-74,07999594;1,27384300;0,06866664
-73,99999594;1,27384300;0,06866664
-73,91999594;1,27384300;-0,02075259
-73,83999594;1,27384300;0,06866664
-73,75999594;1,27384300;0,06866664
-73,67999594;1,27384300;0,06866664
-73,59999594;1,18442300;0,06866664
-73,51999594;1,18442300;0,06866664
-73,43999594;1,18442300;0,06866664
-73,35999594;1,18442300;0,06866664
-73,27999595;1,18442300;0,06866664
-73,19999595;1,18442300;0,06866664
-73,11999595;1,09469900;0,06866664
-73,03999595;1,18442300;0,06866664
-72,95999595;1,09469900;0,06866664
-72,87999595;1,09469900;0,06866664
-72,79999595;1,09469900;0,06866664
-72,71999595;1,09469900;0,06866664
-72,63999595;1,09469900;0,06866664
-72,55999595;1,09469900;-0,02075259
-72,47999595;1,09469900;0,06866664
-72,39999595;1,09469900;0,06866664
-72,31999595;1,09469900;0,06866664
-72,23999595;1,00497400;0,06866664
-72,15999595;1,00497400;0,06866664
-72,07999595;1,00497400;0,06866664
-71,99999595;1,09469900;0,06866664
-71,91999595;1,00497400;0,06866664
-71,83999595;1,00497400;0,06866664
-71,75999595;1,00497400;0,06866664
-71,67999595;1,00497400;0,06866664
-71,59999596;1,00497400;0,06866664
-71,51999596;1,00497400;0,06866664
-71,43999596;1,00497400;-0,02075259
-71,35999596;1,00497400;0,06866664
-71,27999596;1,00497400;0,06866664
-71,19999596;1,00497400;0,06866664
-71,11999596;1,00497400;0,06866664
-71,03999596;1,00497400;0,06866664
-70,95999596;1,00497400;0,06866664
-70,87999596;1,00497400;0,06866664
-70,79999596;1,00497400;-0,02075259
-70,71999596;0,91555530;0,06866664
-70,63999596;0,91555530;0,06866664
-70,55999596;1,00497400;0,06866664
-70,47999596;0,91555530;0,06866664
-70,39999596;0,91555530;0,06866664
-70,31999596;0,91555530;-0,02075259
-70,23999596;0,91555530;0,06866664
-70,15999596;0,91555530;0,06866664
-70,07999596;0,91555530;0,06866664
-69,99999597;0,91555530;0,06866664
-69,91999597;0,91555530;0,06866664
-69,83999597;0,91555530;-0,02075259
-69,75999597;0,91555530;0,06866664
-69,67999597;0,82583090;0,06866664
-69,59999597;0,91555530;0,06866664
-69,51999597;0,91555530;-0,02075259
-69,43999597;0,91555530;0,06866664
-69,35999597;0,82583090;0,06866664
-69,27999597;0,91555530;0,06866664
-69,19999597;0,82583090;0,06866664
-69,11999597;0,82583090;0,06866664
-69,03999597;0,82583090;0,06866664
-68,95999597;0,82583090;0,06866664
-68,87999597;0,82583090;0,06866664
-68,79999597;0,82583090;-0,02075259
-68,71999597;0,82583090;0,06866664
-68,63999597;0,82583090;0,06866664
-68,55999597;0,82583090;-0,02075259
-68,47999597;0,82583090;0,06866664
-68,39999597;0,82583090;0,06866664
-68,31999598;0,82583090;0,06866664
-68,23999598;0,82583090;0,06866664
-68,15999598;0,73610650;0,06866664
-68,07999598;0,73610650;0,06866664
-67,99999598;0,82583090;0,06866664
-67,91999598;0,82583090;0,06866664
-67,83999598;0,73610650;-0,02075259
-67,75999598;0,73610650;0,06866664
-67,67999598;0,73610650;-0,02075259
-67,59999598;0,73610650;-0,02075259
-67,51999598;0,73610650;0,06866664
-67,43999598;0,73610650;-0,02075259
-67,35999598;0,73610650;-0,02075259
-67,27999598;0,73610650;0,06866664
-67,19999598;0,73610650;0,06866664
-67,11999598;0,73610650;0,06866664
-67,03999598;0,73610650;-0,02075259
-66,95999598;0,64668720;-0,02075259
-66,87999598;0,64668720;0,06866664
-66,79999598;0,64668720;0,06866664
-66,71999598;0,64668720;0,06866664
-66,63999599;0,64668720;0,06866664
-66,55999599;0,64668720;0,06866664
-66,47999599;0,64668720;0,06866664
-66,39999599;0,64668720;0,06866664
-66,31999599;0,64668720;-0,02075259
-66,23999599;0,64668720;0,06866664
-66,15999599;0,64668720;-0,02075259
-66,07999599;0,64668720;-0,02075259
-65,99999599;0,64668720;0,06866664
-65,91999599;0,64668720;0,06866664
-65,83999599;0,64668720;0,06866664
-65,75999599;0,64668720;0,06866664
-65,67999599;0,64668720;-0,02075259
-65,59999599;0,64668720;0,06866664
-65,51999599;0,64668720;-0,02075259
-65,43999599;0,64668720;0,06866664
-65,35999599;0,64668720;0,06866664
-65,27999599;0,64668720;0,06866664
-65,19999599;0,64668720;0,06866664
-65,11999599;0,64668720;0,06866664
-65,03999600;0,64668720;-0,02075259
-64,95999600;0,64668720;-0,02075259
-64,87999600;0,64668720;0,06866664
-64,79999600;0,64668720;0,06866664
-64,71999600;0,64668720;0,06866664
-64,63999600;0,64668720;0,06866664
-64,55999600;0,64668720;-0,02075259
-64,47999600;0,55696280;0,06866664
-64,39999600;0,55696280;-0,02075259
-64,31999600;0,55696280;0,06866664
-64,23999600;0,55696280;0,06866664
-64,15999600;0,55696280;0,06866664
-64,07999600;0,55696280;0,06866664
-63,99999600;0,64668720;-0,02075259
-63,91999600;0,55696280;0,06866664
-63,83999600;0,55696280;0,06866664
-63,75999600;0,55696280;0,06866664
-63,67999600;0,55696280;0,06866664
-63,59999600;0,55696280;-0,02075259
-63,51999600;0,55696280;0,06866664
-63,43999600;0,55696280;0,06866664
-63,35999601;0,55696280;0,06866664
-63,27999601;0,55696280;0,06866664
-63,19999601;0,55696280;-0,02075259
-63,11999601;0,55696280;0,06866664
-63,03999601;0,55696280;0,06866664
-62,95999601;0,55696280;0,06866664
-62,87999601;0,46754360;0,06866664
-62,79999601;0,55696280;0,06866664
-62,71999601;0,55696280;0,06866664
-62,63999601;0,46754360;0,15839110
-62,55999601;0,55696280;0,42725910
-62,47999601;0,46754360;0,96469010
-62,39999601;0,46754360;1,50212100
-62,31999601;0,55696280;2,12927700
-62,23999601;0,55696280;2,66701200
-62,15999601;0,55696280;3,20444300
-62,07999601;0,55696280;3,83159900
-61,99999601;0,55696280;4,27961100
-61,91999601;0,64668720;4,90676600
-61,83999601;0,64668720;5,44419700
-61,75999602;0,64668720;5,80248400
-61,67999602;0,73610650;5,89220900
-61,59999602;0,73610650;5,89220900
-61,51999602;0,82583090;5,89220900
-61,43999602;0,82583090;5,89220900
-61,35999602;0,82583090;5,89220900
-61,27999602;0,91555530;5,89220900
-61,19999602;0,91555530;5,89220900
-61,11999602;1,00497400;5,89220900
-61,03999602;1,00497400;5,89220900
-60,95999602;1,00497400;5,89220900
-60,87999602;1,00497400;5,89220900
-60,79999602;1,09469900;5,89220900
-60,71999602;1,09469900;5,89220900
-60,63999602;1,18442300;5,89220900
-60,55999602;1,18442300;5,89220900
-60,47999602;1,18442300;5,89220900
-60,39999602;1,27384300;5,89220900
-60,31999602;1,27384300;5,89220900
-60,23999602;1,36356700;5,98193300
-60,15999602;1,36356700;5,89220900
-60,07999603;1,36356700;5,98193300
-59,99999603;1,36356700;5,89220900
-59,91999603;1,45329100;5,89220900
-59,83999603;1,45329100;5,89220900
-59,75999603;1,45329100;5,89220900
-59,67999603;1,54271100;5,89220900
-59,59999603;1,54271100;5,89220900
-59,51999603;1,63243500;5,89220900
-59,43999603;1,63243500;5,98193300
-59,35999603;1,63243500;5,89220900
-59,27999603;1,72185400;5,89220900
-59,19999603;1,72185400;5,89220900
-59,11999603;1,72185400;5,89220900
-59,03999603;1,72185400;5,89220900
-58,95999603;1,72185400;5,98193300
-58,87999603;1,81157900;5,89220900
-58,79999603;1,81157900;5,89220900
-58,71999603;1,90130300;5,89220900
-58,63999603;1,90130300;5,89220900
-58,55999603;1,90130300;5,89220900
-58,47999604;1,99072200;5,89220900
-58,39999604;1,99072200;5,89220900
-58,31999604;1,99072200;5,89220900
-58,23999604;1,99072200;5,89220900
-58,15999604;2,08044700;5,98193300
-58,07999604;2,08044700;5,98193300
-57,99999604;2,08044700;5,89220900
-57,91999604;2,17017100;5,89220900
-57,83999604;2,17017100;5,89220900
-57,75999604;2,08044700;5,89220900
-57,67999604;2,17017100;5,89220900
-57,59999604;2,25959000;5,89220900
-57,51999604;2,25959000;5,89220900
-57,43999604;2,25959000;5,89220900
-57,35999604;2,34931500;5,89220900
-57,27999604;2,34931500;5,89220900
-57,19999604;2,34931500;5,89220900
-57,11999604;2,34931500;5,98193300
-57,03999604;2,43903900;5,89220900
-56,95999604;2,43903900;5,89220900
-56,87999604;2,43903900;5,89220900
-56,79999605;2,43903900;5,89220900
-56,71999605;2,43903900;5,89220900
-56,63999605;2,43903900;5,98193300
-56,55999605;2,52845900;5,89220900
-56,47999605;2,52845900;5,89220900
-56,39999605;2,61818300;5,98193300
-56,31999605;2,61818300;5,89220900
-56,23999605;2,61818300;5,89220900
-56,15999605;2,61818300;5,89220900
-56,07999605;2,70790700;5,98193300
-55,99999605;2,70790700;5,89220900
-55,91999605;2,70790700;5,89220900
-55,83999605;2,70790700;5,89220900
-55,75999605;2,70790700;5,98193300
-55,67999605;2,79732700;5,89220900
-55,59999605;2,79732700;5,89220900
-55,51999605;2,79732700;5,89220900
-55,43999605;2,79732700;5,89220900
-55,35999605;2,79732700;5,89220900
-55,27999605;2,79732700;5,89220900
-55,19999605;2,88705100;5,98193300
-55,11999606;2,88705100;5,89220900
-55,03999606;2,88705100;5,98193300
-54,95999606;2,97647000;5,98193300
-54,87999606;2,97647000;5,98193300
-54,79999606;2,97647000;5,98193300
-54,71999606;3,06619500;5,89220900
-54,63999606;3,06619500;5,98193300
-54,55999606;3,06619500;5,98193300
-54,47999606;3,06619500;5,89220900
-54,39999606;3,15591900;5,89220900
-54,31999606;3,06619500;5,89220900
-54,23999606;3,15591900;5,89220900
-54,15999606;3,15591900;5,89220900
-54,07999606;3,15591900;5,89220900
-53,99999606;3,15591900;5,89220900
-53,91999606;3,15591900;5,89220900
-53,83999606;3,24533800;5,89220900
-53,75999606;3,24533800;5,98193300
-53,67999606;3,24533800;5,98193300
-53,59999606;3,24533800;5,98193300
-53,51999607;3,33506300;5,89220900
-53,43999607;3,24533800;5,89220900
-53,35999607;3,33506300;5,89220900
-53,27999607;3,33506300;5,89220900
-53,19999607;3,33506300;5,89220900
-53,11999607;3,33506300;5,98193300
-53,03999607;3,33506300;5,89220900
-52,95999607;3,42478700;5,98193300
-52,87999607;3,42478700;5,89220900
-52,79999607;3,42478700;5,98193300
-52,71999607;3,42478700;5,89220900
-52,63999607;3,51420600;5,98193300
-52,55999607;3,51420600;5,89220900
-52,47999607;3,51420600;5,89220900
-52,39999607;3,51420600;5,98193300
-52,31999607;3,51420600;5,98193300
-52,23999607;3,51420600;5,98193300
-52,15999607;3,51420600;5,89220900
-52,07999607;3,51420600;5,89220900
-51,99999607;3,60393100;5,89220900
-51,91999607;3,60393100;5,89220900
-51,83999608;3,60393100;5,98193300
-51,75999608;3,60393100;5,89220900
-51,67999608;3,69365500;5,98193300
-51,59999608;3,69365500;5,98193300
-51,51999608;3,69365500;5,89220900
-51,43999608;3,69365500;5,89220900
-51,35999608;3,78307400;5,89220900
-51,27999608;3,78307400;5,98193300
-51,19999608;3,78307400;5,98193300
-51,11999608;3,78307400;5,98193300
-51,03999608;3,78307400;5,98193300
-50,95999608;3,78307400;5,89220900
-50,87999608;3,87279900;5,89220900
-50,79999608;3,87279900;5,98193300
-50,71999608;3,78307400;5,98193300
-50,63999608;3,87279900;5,89220900
-50,55999608;3,87279900;5,89220900
-50,47999608;3,87279900;5,89220900
-50,39999608;3,87279900;5,89220900
-50,31999608;3,87279900;5,98193300
-50,23999609;3,87279900;5,98193300
-50,15999609;3,87279900;5,98193300
-50,07999609;3,87279900;5,98193300
-49,99999609;3,87279900;5,98193300
-49,91999609;3,96221800;5,98193300
-49,83999609;3,96221800;5,98193300
-49,75999609;3,96221800;5,98193300
-49,67999609;3,96221800;5,98193300
-49,59999609;3,96221800;5,98193300
-49,51999609;4,05194200;5,98193300
-49,43999609;3,96221800;5,98193300
-49,35999609;4,14166700;5,98193300
-49,27999609;4,05194200;5,98193300
-49,19999609;4,05194200;5,98193300
-49,11999609;4,05194200;5,98193300
-49,03999609;4,14166700;5,98193300
-48,95999609;4,14166700;5,98193300
-48,87999609;4,14166700;5,89220900
-48,79999609;4,14166700;5,98193300
-48,71999609;4,14166700;5,98193300
-48,63999609;4,14166700;5,98193300
-48,55999610;4,14166700;5,89220900
-48,47999610;4,14166700;5,98193300
-48,39999610;4,23108600;5,98193300
-48,31999610;4,23108600;5,98193300
-48,23999610;4,23108600;5,98193300
-48,15999610;4,23108600;5,98193300
-48,07999610;4,23108600;5,98193300
-47,99999610;4,23108600;5,98193300
-47,91999610;4,23108600;5,98193300
-47,83999610;4,23108600;5,98193300
-47,75999610;4,23108600;5,89220900
-47,67999610;4,23108600;5,98193300
-47,59999610;4,23108600;5,89220900
-47,51999610;4,23108600;5,98193300
-47,43999610;4,32081100;5,98193300
-47,35999610;4,32081100;5,98193300
-47,27999610;4,32081100;5,98193300
-47,19999610;4,32081100;5,98193300
-47,11999610;4,41053500;5,89220900
-47,03999610;4,41053500;5,98193300
-46,95999611;4,32081100;5,98193300
-46,87999611;4,41053500;5,98193300
-46,79999611;4,41053500;5,98193300
-46,71999611;4,41053500;5,89220900
-46,63999611;4,41053500;5,98193300
-46,55999611;4,41053500;5,98193300
-46,47999611;4,41053500;5,98193300
-46,39999611;4,49995400;5,98193300
-46,31999611;4,49995400;5,98193300
-46,23999611;4,49995400;5,98193300
-46,15999611;4,49995400;5,98193300
-46,07999611;4,49995400;5,98193300
-45,99999611;4,49995400;5,98193300
-45,91999611;4,49995400;5,98193300
-45,83999611;4,49995400;5,98193300
-45,75999611;4,49995400;5,98193300
-45,67999611;4,49995400;5,98193300
-45,59999611;4,49995400;5,98193300
-45,51999611;4,58967900;5,98193300
-45,43999611;4,58967900;5,98193300
-45,35999611;4,58967900;5,98193300
-45,27999612;4,58967900;5,98193300
-45,19999612;4,58967900;5,98193300
-45,11999612;4,58967900;5,98193300
-45,03999612;4,58967900;5,98193300
-44,95999612;4,58967900;5,98193300
-44,87999612;4,58967900;5,98193300
-44,79999612;4,67940300;5,98193300
-44,71999612;4,58967900;5,89220900
-44,63999612;4,58967900;5,98193300
-44,55999612;4,58967900;5,89220900
-44,47999612;4,67940300;5,98193300
-44,39999612;4,67940300;5,89220900
-44,31999612;4,67940300;5,98193300
-44,23999612;4,67940300;5,98193300
-44,15999612;4,67940300;5,98193300
-44,07999612;4,67940300;5,98193300
-43,99999612;4,67940300;5,98193300
-43,91999612;4,67940300;5,89220900
-43,83999612;4,76882200;5,98193300
-43,75999612;4,76882200;5,89220900
-43,67999612;4,76882200;5,98193300
-43,59999613;4,76882200;5,98193300
-43,51999613;4,76882200;5,98193300
-43,43999613;4,76882200;5,98193300
-43,35999613;4,76882200;5,98193300
-43,27999613;4,76882200;5,98193300
-43,19999613;4,76882200;5,98193300
-43,11999613;4,85854700;5,98193300
-43,03999613;4,76882200;5,89220900
-42,95999613;4,85854700;5,98193300
-42,87999613;4,85854700;5,98193300
-42,79999613;4,85854700;5,98193300
-42,71999613;4,85854700;5,89220900
-42,63999613;4,85854700;5,89220900
-42,55999613;4,85854700;5,98193300
-42,47999613;4,85854700;5,98193300
-42,39999613;4,85854700;5,98193300
-42,31999613;4,85854700;5,98193300
-42,23999613;4,85854700;5,98193300
-42,15999613;4,94827100;5,89220900
-42,07999613;4,94827100;5,98193300
-41,99999614;4,85854700;5,98193300
-41,91999614;4,94827100;5,98193300
-41,83999614;4,94827100;5,98193300
-41,75999614;4,94827100;5,98193300
-41,67999614;4,94827100;5,98193300
-41,59999614;4,94827100;5,98193300
-41,51999614;4,94827100;5,89220900
-41,43999614;4,94827100;5,98193300
-41,35999614;4,94827100;5,98193300
-41,27999614;4,94827100;5,98193300
-41,19999614;4,94827100;5,98193300
-41,11999614;4,94827100;5,98193300
-41,03999614;4,94827100;5,98193300
-40,95999614;4,94827100;5,98193300
-40,87999614;4,94827100;5,98193300
-40,79999614;4,94827100;5,98193300
-40,71999614;5,03769000;5,98193300
-40,63999614;4,94827100;5,98193300
-40,55999614;4,94827100;5,98193300
-40,47999614;4,94827100;5,98193300
-40,39999614;4,94827100;5,98193300
-40,31999615;5,03769000;5,98193300
-40,23999615;5,03769000;5,98193300
-40,15999615;5,03769000;5,98193300
-40,07999615;5,03769000;5,98193300
-39,99999615;5,03769000;5,89220900
-39,91999615;5,03769000;5,98193300
-39,83999615;5,03769000;5,98193300
-39,75999615;5,03769000;5,98193300
-39,67999615;5,03769000;5,98193300
-39,59999615;5,03769000;5,98193300
-39,51999615;5,12741500;5,98193300
-39,43999615;5,03769000;5,98193300
-39,35999615;5,12741500;5,98193300
-39,27999615;5,12741500;5,98193300
-39,19999615;5,12741500;5,98193300
-39,11999615;5,12741500;5,98193300
-39,03999615;5,12741500;5,98193300
-38,95999615;5,12741500;5,98193300
-38,87999615;5,12741500;5,98193300
-38,79999615;5,12741500;5,98193300
-38,71999616;5,12741500;5,98193300
-38,63999616;5,12741500;5,98193300
-38,55999616;5,12741500;5,98193300
-38,47999616;5,12741500;5,98193300
-38,39999616;5,21683400;5,98193300
-38,31999616;5,12741500;5,98193300
-38,23999616;5,12741500;5,98193300
-38,15999616;5,21683400;5,98193300
-38,07999616;5,21683400;5,98193300
-37,99999616;5,21683400;5,98193300
-37,91999616;5,21683400;5,98193300
-37,83999616;5,12741500;5,98193300
-37,75999616;5,21683400;5,98193300
-37,67999616;5,21683400;5,98193300
-37,59999616;5,21683400;5,98193300
-37,51999616;5,21683400;5,98193300
-37,43999616;5,21683400;5,98193300
-37,35999616;5,21683400;5,98193300
-37,27999616;5,21683400;5,98193300
-37,19999616;5,21683400;5,98193300
-37,11999616;5,21683400;5,98193300
-37,03999617;5,21683400;5,98193300
-36,95999617;5,21683400;5,98193300
-36,87999617;5,21683400;5,98193300
-36,79999617;5,21683400;6,07135200
-36,71999617;5,30655900;5,98193300
-36,63999617;5,21683400;5,98193300
-36,55999617;5,21683400;5,98193300
-36,47999617;5,21683400;5,98193300
-36,39999617;5,21683400;5,98193300
-36,31999617;5,30655900;5,98193300
-36,23999617;5,21683400;5,98193300
-36,15999617;5,30655900;5,98193300
-36,07999617;5,30655900;5,98193300
-35,99999617;5,30655900;5,98193300
-35,91999617;5,30655900;5,98193300
-35,83999617;5,30655900;5,98193300
-35,75999617;5,30655900;5,98193300
-35,67999617;5,30655900;5,98193300
-35,59999617;5,30655900;5,98193300
-35,51999617;5,30655900;5,98193300
-35,43999618;5,30655900;5,98193300
-35,35999618;5,30655900;5,98193300
-35,27999618;5,30655900;5,98193300
-35,19999618;5,30655900;5,98193300
-35,11999618;5,30655900;5,98193300
-35,03999618;5,30655900;5,98193300
-34,95999618;5,30655900;5,98193300
-34,87999618;5,30655900;5,98193300
-34,79999618;5,30655900;5,98193300
-34,71999618;5,30655900;5,98193300
-34,63999618;5,30655900;5,98193300
-34,55999618;5,30655900;5,98193300
-34,47999618;5,30655900;5,98193300
-34,39999618;5,39628300;5,98193300
-34,31999618;5,39628300;5,98193300
-34,23999618;5,39628300;5,98193300
-34,15999618;5,39628300;5,98193300
-34,07999618;5,39628300;5,98193300
-33,99999618;5,39628300;5,89220900
-33,91999618;5,39628300;5,98193300
-33,83999618;5,39628300;5,98193300
-33,75999619;5,39628300;5,98193300
-33,67999619;5,39628300;5,98193300
-33,59999619;5,30655900;5,98193300
-33,51999619;5,30655900;5,98193300
-33,43999619;5,48570200;5,98193300
-33,35999619;5,39628300;5,98193300
-33,27999619;5,39628300;5,98193300
-33,19999619;5,39628300;5,98193300
-33,11999619;5,39628300;5,98193300
-33,03999619;5,48570200;5,89220900
-32,95999619;5,39628300;5,98193300
-32,87999619;5,48570200;5,98193300
-32,79999619;5,48570200;5,98193300
-32,71999619;5,39628300;5,98193300
-32,63999619;5,48570200;5,98193300
-32,55999619;5,39628300;5,98193300
-32,47999619;5,48570200;5,98193300
-32,39999619;5,39628300;5,98193300
-32,31999619;5,48570200;5,98193300
-32,23999619;5,48570200;5,98193300
-32,15999619;5,48570200;5,98193300
-32,07999620;5,48570200;5,98193300
-31,99999620;5,48570200;5,89220900
-31,91999620;5,48570200;5,89220900
-31,83999620;5,48570200;5,80248400
-31,75999620;5,48570200;5,44419700
-31,67999620;5,48570200;4,90676600
-31,59999620;5,48570200;4,36903000
-31,51999620;5,48570200;3,74218000
-31,43999620;5,48570200;3,11502400
-31,35999620;5,39628300;2,48786900
-31,27999620;5,39628300;1,77098900
-31,19999620;5,30655900;1,14383400
-31,11999620;5,30655900;0,51667840
-31,03999620;5,30655900;0,15839110
-30,95999620;5,30655900;0,15839110
-30,87999620;5,21683400;0,15839110
-30,79999620;5,21683400;0,15839110
-30,71999620;5,21683400;0,15839110
-30,63999620;5,12741500;0,15839110
-30,55999620;5,12741500;0,15839110
-30,47999621;5,03769000;0,15839110
-30,39999621;5,03769000;0,15839110
-30,31999621;4,94827100;0,06866664
-30,23999621;4,94827100;0,15839110
-30,15999621;4,94827100;0,15839110
-30,07999621;4,94827100;0,15839110
-29,99999621;4,85854700;0,15839110
-29,91999621;4,85854700;0,15839110
-29,83999621;4,85854700;0,15839110
-29,75999621;4,76882200;0,15839110
-29,67999621;4,76882200;0,06866664
-29,59999621;4,67940300;0,06866664
-29,51999621;4,67940300;0,15839110
-29,43999621;4,67940300;0,06866664
-29,35999621;4,58967900;0,15839110
-29,27999621;4,58967900;0,06866664
-29,19999621;4,58967900;0,06866664
-29,11999621;4,58967900;0,15839110
-29,03999621;4,49995400;0,15839110
-28,95999621;4,49995400;0,06866664
-28,87999621;4,49995400;0,06866664
-28,79999622;4,41053500;0,06866664
-28,71999622;4,41053500;0,06866664
-28,63999622;4,32081100;0,06866664
-28,55999622;4,32081100;0,15839110
-28,47999622;4,32081100;0,06866664
-28,39999622;4,23108600;0,06866664
-28,31999622;4,23108600;0,15839110
-28,23999622;4,23108600;0,15839110
-28,15999622;4,23108600;0,06866664
-28,07999622;4,14166700;0,06866664
-27,99999622;4,14166700;0,06866664
-27,91999622;4,14166700;0,06866664
-27,83999622;4,05194200;0,15839110
-27,75999622;4,05194200;0,15839110
-27,67999622;4,05194200;0,06866664
-27,59999622;3,96221800;0,15839110
-27,51999622;3,96221800;0,06866664
-27,43999622;3,96221800;0,06866664
-27,35999622;3,96221800;0,06866664
-27,27999622;3,87279900;0,15839110
-27,19999623;3,87279900;0,06866664
-27,11999623;3,87279900;0,06866664
-27,03999623;3,87279900;0,06866664
-26,95999623;3,78307400;0,06866664
-26,87999623;3,78307400;0,06866664
-26,79999623;3,78307400;0,06866664
-26,71999623;3,69365500;0,15839110
-26,63999623;3,69365500;0,06866664
-26,55999623;3,69365500;0,06866664
-26,47999623;3,60393100;0,15839110
-26,39999623;3,60393100;0,06866664
-26,31999623;3,60393100;0,06866664
-26,23999623;3,60393100;0,06866664
-26,15999623;3,51420600;0,06866664
-26,07999623;3,51420600;0,15839110
-25,99999623;3,51420600;0,06866664
-25,91999623;3,51420600;0,06866664
-25,83999623;3,42478700;0,06866664
-25,75999623;3,42478700;0,06866664
-25,67999623;3,42478700;0,06866664
-25,59999623;3,42478700;0,06866664
-25,51999624;3,42478700;0,06866664
-25,43999624;3,33506300;0,06866664
-25,35999624;3,33506300;0,15839110
-25,27999624;3,33506300;0,06866664
-25,19999624;3,33506300;0,06866664
-25,11999624;3,24533800;0,06866664
-25,03999624;3,24533800;0,06866664
-24,95999624;3,15591900;0,06866664
-24,87999624;3,15591900;0,15839110
-24,79999624;3,15591900;0,06866664
-24,71999624;3,15591900;0,06866664
-24,63999624;3,15591900;0,06866664
-24,55999624;3,15591900;0,06866664
-24,47999624;3,15591900;0,06866664
-24,39999624;3,06619500;0,06866664
-24,31999624;3,06619500;0,06866664
-24,23999624;3,06619500;0,06866664
-24,15999624;3,06619500;0,06866664
-24,07999624;2,97647000;0,06866664
-23,99999624;2,97647000;0,06866664
-23,91999625;2,97647000;0,06866664
-23,83999625;2,97647000;0,06866664
-23,75999625;2,97647000;0,06866664
-23,67999625;2,97647000;0,06866664
-23,59999625;2,88705100;0,06866664
-23,51999625;2,88705100;0,06866664
-23,43999625;2,79732700;0,06866664
-23,35999625;2,79732700;0,06866664
-23,27999625;2,79732700;0,15839110
-23,19999625;2,79732700;0,06866664
-23,11999625;2,79732700;0,06866664
-23,03999625;2,79732700;0,06866664
-22,95999625;2,79732700;0,06866664
-22,87999625;2,70790700;0,15839110
-22,79999625;2,70790700;0,06866664
-22,71999625;2,70790700;0,06866664
-22,63999625;2,70790700;0,06866664
-22,55999625;2,70790700;0,06866664
-22,47999625;2,70790700;0,06866664
-22,39999625;2,70790700;0,06866664
-22,31999625;2,61818300;0,06866664
-22,23999626;2,61818300;0,06866664
-22,15999626;2,61818300;0,06866664
-22,07999626;2,52845900;0,15839110
-21,99999626;2,52845900;0,06866664
-21,91999626;2,52845900;0,06866664
-21,83999626;2,52845900;0,06866664
-21,75999626;2,43903900;0,06866664
-21,67999626;2,43903900;0,06866664
-21,59999626;2,43903900;0,06866664
-21,51999626;2,43903900;0,06866664
-21,43999626;2,43903900;0,06866664
-21,35999626;2,43903900;0,06866664
-21,27999626;2,43903900;0,06866664
-21,19999626;2,43903900;0,06866664
-21,11999626;2,34931500;0,06866664
-21,03999626;2,34931500;0,06866664
-20,95999626;2,34931500;0,06866664
-20,87999626;2,34931500;0,06866664
-20,79999626;2,34931500;0,06866664
-20,71999626;2,25959000;0,06866664
-20,63999627;2,34931500;0,06866664
-20,55999627;2,25959000;0,06866664
-20,47999627;2,25959000;0,06866664
-20,39999627;2,25959000;0,06866664
-20,31999627;2,25959000;0,06866664
-20,23999627;2,25959000;0,06866664
-20,15999627;2,17017100;0,06866664
-20,07999627;2,17017100;0,06866664
-19,99999627;2,17017100;0,06866664
-19,91999627;2,08044700;0,06866664
-19,83999627;2,08044700;0,06866664
-19,75999627;2,08044700;0,06866664
-19,67999627;2,08044700;0,06866664
-19,59999627;2,08044700;0,06866664
-19,51999627;2,08044700;0,06866664
-19,43999627;2,08044700;-0,02075259
-19,35999627;2,08044700;0,06866664
-19,27999627;2,08044700;0,06866664
-19,19999627;2,08044700;0,06866664
-19,11999627;1,99072200;0,06866664
-19,03999627;1,99072200;0,06866664
-18,95999628;1,99072200;0,06866664
-18,87999628;1,99072200;0,06866664
-18,79999628;1,99072200;-0,02075259
-18,71999628;1,99072200;0,06866664
-18,63999628;1,99072200;0,06866664
-18,55999628;1,99072200;0,06866664
-18,47999628;1,90130300;0,06866664
-18,39999628;1,90130300;0,06866664
-18,31999628;1,90130300;0,06866664
-18,23999628;1,90130300;0,06866664
-18,15999628;1,90130300;0,06866664
-18,07999628;1,90130300;0,06866664
-17,99999628;1,81157900;-0,02075259
-17,91999628;1,81157900;0,06866664
-17,83999628;1,81157900;0,06866664
-17,75999628;1,72185400;0,06866664
-17,67999628;1,81157900;-0,02075259
-17,59999628;1,72185400;0,06866664
-17,51999628;1,72185400;0,06866664
-17,43999628;1,72185400;0,06866664
-17,35999628;1,72185400;0,06866664
-17,27999629;1,72185400;0,06866664
-17,19999629;1,72185400;0,06866664
-17,11999629;1,72185400;-0,02075259
-17,03999629;1,72185400;-0,02075259
-16,95999629;1,72185400;0,06866664
-16,87999629;1,63243500;0,06866664
-16,79999629;1,72185400;0,06866664
-16,71999629;1,63243500;0,06866664
-16,63999629;1,63243500;-0,02075259
-16,55999629;1,63243500;-0,02075259
-16,47999629;1,63243500;0,06866664
-16,39999629;1,63243500;0,06866664
-16,31999629;1,63243500;0,06866664
-16,23999629;1,54271100;0,06866664
-16,15999629;1,54271100;0,06866664
-16,07999629;1,63243500;-0,02075259
-15,99999629;1,54271100;0,06866664
-15,91999629;1,54271100;0,06866664
-15,83999629;1,54271100;0,06866664
-15,75999629;1,54271100;-0,02075259
-15,67999630;1,54271100;0,06866664
-15,59999630;1,54271100;-0,02075259
-15,51999630;1,45329100;0,06866664
-15,43999630;1,54271100;0,06866664
-15,35999630;1,45329100;0,06866664
-15,27999630;1,45329100;0,06866664
-15,19999630;1,45329100;0,06866664
-15,11999630;1,45329100;0,06866664
-15,03999630;1,45329100;0,06866664
-14,95999630;1,36356700;0,06866664
-14,87999630;1,36356700;-0,02075259
-14,79999630;1,45329100;0,06866664
-14,71999630;1,45329100;0,06866664
-14,63999630;1,36356700;0,06866664
-14,55999630;1,36356700;0,06866664
-14,47999630;1,36356700;0,06866664
-14,39999630;1,36356700;0,06866664
-14,31999630;1,36356700;0,06866664
-14,23999630;1,36356700;0,06866664
-14,15999630;1,36356700;0,06866664
-14,07999630;1,36356700;0,06866664
-13,99999631;1,36356700;0,06866664
-13,91999631;1,36356700;-0,02075259
-13,83999631;1,36356700;0,06866664
-13,75999631;1,27384300;0,06866664
-13,67999631;1,36356700;0,06866664
-13,59999631;1,27384300;0,06866664
-13,51999631;1,27384300;0,06866664
-13,43999631;1,27384300;0,06866664
-13,35999631;1,27384300;0,06866664
-13,27999631;1,27384300;-0,02075259
-13,19999631;1,27384300;0,06866664
-13,11999631;1,27384300;0,06866664
-13,03999631;1,27384300;0,06866664
-12,95999631;1,27384300;0,06866664
-12,87999631;1,18442300;0,06866664
-12,79999631;1,27384300;0,06866664
-12,71999631;1,27384300;0,06866664
-12,63999631;1,18442300;0,06866664
-12,55999631;1,18442300;0,06866664
-12,47999631;1,18442300;0,06866664
-12,39999632;1,18442300;0,06866664
-12,31999632;1,18442300;0,06866664
-12,23999632;1,09469900;0,06866664
-12,15999632;1,09469900;0,06866664
-12,07999632;1,09469900;0,06866664
-11,99999632;1,09469900;0,06866664
-11,91999632;1,09469900;0,06866664
-11,83999632;1,09469900;0,06866664
-11,75999632;1,09469900;0,06866664
-11,67999632;1,09469900;0,06866664
-11,59999632;1,09469900;0,06866664
-11,51999632;1,09469900;0,06866664
-11,43999632;1,00497400;0,06866664
-11,35999632;1,00497400;0,06866664
-11,27999632;1,09469900;0,06866664
-11,19999632;1,09469900;0,06866664
-11,11999632;1,00497400;0,06866664
-11,03999632;1,09469900;0,06866664
-10,95999632;1,00497400;0,06866664
-10,87999632;1,00497400;0,06866664
-10,79999632;1,00497400;0,06866664
-10,71999633;1,00497400;0,06866664
-10,63999633;1,00497400;0,06866664
-10,55999633;1,00497400;0,06866664
-10,47999633;1,00497400;0,06866664
-10,39999633;1,00497400;0,06866664
-10,31999633;1,00497400;0,06866664
-10,23999633;1,00497400;0,06866664
-10,15999633;1,00497400;0,06866664
-10,07999633;1,00497400;0,06866664
-9,99999633;1,00497400;0,06866664
-9,91999633;0,91555530;0,06866664
-9,83999633;1,00497400;0,06866664
-9,75999633;1,00497400;-0,02075259
-9,67999633;0,91555530;-0,02075259
-9,59999633;0,91555530;0,06866664
-9,51999633;1,00497400;0,06866664
-9,43999633;0,91555530;0,06866664
-9,35999633;0,91555530;0,06866664
-9,27999633;0,91555530;0,06866664
-9,19999633;0,91555530;0,06866664
-9,11999634;0,91555530;0,06866664
-9,03999634;0,91555530;0,06866664
-8,95999634;0,91555530;0,06866664
-8,87999634;0,82583090;-0,02075259
-8,79999634;0,91555530;0,06866664
-8,71999634;0,91555530;0,06866664
-8,63999634;0,91555530;0,06866664
-8,55999634;0,82583090;-0,02075259
-8,47999634;0,91555530;0,06866664
-8,39999634;0,82583090;0,06866664
-8,31999634;0,82583090;0,06866664
-8,23999634;0,82583090;0,06866664
-8,15999634;0,82583090;0,06866664
-8,07999634;0,82583090;0,06866664
-7,99999634;0,82583090;0,06866664
-7,91999634;0,82583090;0,06866664
-7,83999634;0,82583090;0,06866664
-7,75999634;0,82583090;0,06866664
-7,67999634;0,73610650;0,06866664
-7,59999634;0,73610650;0,06866664
-7,51999634;0,82583090;0,06866664
-7,43999635;0,73610650;0,06866664
-7,35999635;0,73610650;0,06866664
-7,27999635;0,82583090;0,06866664
-7,19999635;0,73610650;-0,02075259
-7,11999635;0,73610650;-0,02075259
-7,03999635;0,73610650;0,06866664
-6,95999635;0,73610650;0,06866664
-6,87999635;0,73610650;0,06866664
-6,79999635;0,73610650;-0,02075259
-6,71999635;0,73610650;0,06866664
-6,63999635;0,73610650;0,06866664
-6,55999635;0,73610650;0,06866664
-6,47999635;0,73610650;0,06866664
-6,39999635;0,73610650;0,06866664
-6,31999635;0,73610650;-0,02075259
-6,23999635;0,73610650;0,06866664
-6,15999635;0,64668720;0,06866664
-6,07999635;0,73610650;0,06866664
-5,99999635;0,64668720;0,06866664
-5,91999635;0,64668720;-0,02075259
-5,83999635;0,64668720;0,06866664
-5,75999636;0,64668720;-0,02075259
-5,67999636;0,64668720;0,06866664
-5,59999636;0,64668720;-0,02075259
-5,51999636;0,64668720;0,06866664
-5,43999636;0,64668720;-0,02075259
-5,35999636;0,64668720;0,06866664
-5,27999636;0,64668720;-0,02075259
-5,19999636;0,64668720;-0,02075259
-5,11999636;0,64668720;0,06866664
-5,03999636;0,64668720;0,06866664
-4,95999636;0,64668720;0,06866664
-4,87999636;0,64668720;0,06866664
-4,79999636;0,64668720;0,06866664
-4,71999636;0,64668720;-0,02075259
-4,63999636;0,64668720;0,06866664
-4,55999636;0,64668720;0,06866664
-4,47999636;0,64668720;0,06866664
-4,39999636;0,64668720;0,06866664
-4,31999636;0,64668720;0,06866664
-4,23999636;0,64668720;0,06866664
-4,15999637;0,64668720;0,06866664
-4,07999637;0,55696280;0,06866664
-3,99999637;0,55696280;-0,02075259
-3,91999637;0,55696280;-0,02075259
-3,83999637;0,64668720;-0,02075259
-3,75999637;0,55696280;0,06866664
-3,67999637;0,55696280;0,06866664
-3,59999637;0,64668720;0,06866664
-3,51999637;0,55696280;0,06866664
-3,43999637;0,55696280;0,06866664
-3,35999637;0,55696280;0,06866664
-3,27999637;0,55696280;0,06866664
-3,19999637;0,55696280;0,06866664
-3,11999637;0,55696280;0,06866664
-3,03999637;0,55696280;0,06866664
-2,95999637;0,55696280;-0,02075259
-2,87999637;0,55696280;0,06866664
-2,79999637;0,55696280;0,06866664
-2,71999637;0,55696280;-0,02075259
-2,63999637;0,55696280;-0,02075259
-2,55999637;0,55696280;0,06866664
-2,47999638;0,55696280;0,06866664
-2,39999638;0,55696280;0,06866664
-2,31999638;0,55696280;0,06866664
-2,23999638;0,55696280;0,06866664
-2,15999638;0,46754360;0,06866664
-2,07999638;0,46754360;0,06866664
-1,99999638;0,46754360;0,06866664
-1,91999638;0,46754360;0,06866664
-1,83999638;0,55696280;0,06866664
-1,75999638;0,46754360;0,33753470
-1,67999638;0,55696280;0,69582200
-1,59999638;0,46754360;1,32297700
-1,51999638;0,55696280;1,86071300
-1,43999638;0,55696280;2,48786900
-1,35999638;0,55696280;3,02530000
-1,27999638;0,55696280;3,56273100
-1,19999638;0,55696280;4,18988600
-1,11999638;0,64668720;4,72762300
-1,03999638;0,64668720;5,26505300
-0,95999638;0,64668720;5,71306500
-0,87999639;0,73610650;5,89220900
-0,79999639;0,73610650;5,89220900
-0,71999639;0,73610650;5,89220900
-0,63999639;0,82583090;5,89220900
-0,55999639;0,91555530;5,89220900
-0,47999639;0,91555530;5,89220900
-0,39999639;0,91555530;5,89220900
-0,31999639;1,00497400;5,89220900
-0,23999639;1,00497400;5,89220900
-0,15999639;1,00497400;5,89220900
-0,07999639;1,00497400;5,89220900
0,00000361;1,09469900;5,89220900
0,08000361;1,09469900;5,89220900
0,16000361;1,09469900;5,89220900
0,24000361;1,18442300;5,89220900
0,32000361;1,27384300;5,89220900
0,40000361;1,27384300;5,89220900
0,48000361;1,27384300;5,89220900
0,56000361;1,27384300;5,89220900
0,64000361;1,36356700;5,89220900
0,72000361;1,36356700;5,89220900
0,80000360;1,36356700;5,89220900
0,88000360;1,36356700;5,89220900
0,96000360;1,45329100;5,89220900
1,04000360;1,45329100;5,89220900
1,12000360;1,54271100;5,89220900
1,20000360;1,54271100;5,89220900
1,28000360;1,54271100;5,89220900
1,36000360;1,63243500;5,89220900
1,44000360;1,63243500;5,89220900
1,52000360;1,63243500;5,89220900
1,60000360;1,72185400;5,89220900
1,68000360;1,72185400;5,89220900
1,76000360;1,72185400;5,89220900
1,84000360;1,72185400;5,89220900
1,92000360;1,81157900;5,89220900
2,00000360;1,81157900;5,98193300
2,08000360;1,81157900;5,89220900
2,16000360;1,90130300;5,89220900
2,24000360;1,90130300;5,98193300
2,32000360;1,99072200;5,89220900
2,40000359;1,99072200;5,89220900
2,48000359;1,99072200;5,89220900
2,56000359;2,08044700;5,98193300
2,64000359;1,99072200;5,89220900
2,72000359;2,08044700;5,89220900
2,80000359;2,08044700;5,98193300
2,88000359;2,08044700;5,89220900
2,96000359;2,08044700;5,89220900
3,04000359;2,17017100;5,89220900
3,12000359;2,17017100;5,98193300
3,20000359;2,25959000;5,89220900
3,28000359;2,25959000;5,89220900
3,36000359;2,25959000;5,89220900
3,44000359;2,25959000;5,98193300
3,52000359;2,34931500;5,89220900
3,60000359;2,34931500;5,89220900
3,68000359;2,34931500;5,89220900
3,76000359;2,34931500;5,89220900
3,84000359;2,43903900;5,89220900
3,92000359;2,43903900;5,98193300
4,00000359;2,43903900;5,98193300
4,08000358;2,43903900;5,89220900
4,16000358;2,43903900;5,89220900
4,24000358;2,52845900;5,89220900
4,32000358;2,61818300;5,89220900
4,40000358;2,61818300;5,89220900
4,48000358;2,61818300;5,89220900
4,56000358;2,61818300;5,89220900
4,64000358;2,61818300;5,98193300
4,72000358;2,70790700;5,89220900
4,80000358;2,70790700;5,98193300
4,88000358;2,70790700;5,89220900
4,96000358;2,70790700;5,98193300
5,04000358;2,70790700;5,89220900
5,12000358;2,79732700;5,98193300
5,20000358;2,79732700;5,89220900
5,28000358;2,79732700;5,98193300
5,36000358;2,79732700;5,89220900
5,44000358;2,79732700;5,89220900
5,52000358;2,88705100;5,98193300
5,60000358;2,88705100;5,98193300
5,68000358;2,88705100;5,89220900
5,76000357;2,97647000;5,89220900
5,84000357;2,97647000;5,89220900
5,92000357;2,97647000;5,98193300
6,00000357;2,97647000;5,89220900
6,08000357;2,97647000;5,89220900
6,16000357;3,06619500;5,98193300
6,24000357;3,06619500;5,98193300
6,32000357;3,06619500;5,89220900
6,40000357;3,06619500;5,89220900
6,48000357;3,15591900;5,98193300
6,56000357;3,06619500;5,98193300
6,64000357;3,15591900;5,98193300
6,72000357;3,15591900;5,98193300
6,80000357;3,15591900;5,89220900
6,88000357;3,15591900;5,98193300
6,96000357;3,24533800;5,98193300
7,04000357;3,15591900;5,98193300
7,12000357;3,24533800;5,98193300
7,20000357;3,24533800;5,98193300
7,28000357;3,33506300;5,98193300
7,36000356;3,33506300;5,89220900
7,44000356;3,33506300;5,89220900
7,52000356;3,33506300;5,89220900
7,60000356;3,33506300;5,98193300
7,68000356;3,33506300;5,98193300
7,76000356;3,42478700;5,98193300
7,84000356;3,42478700;5,98193300
7,92000356;3,42478700;5,89220900
8,00000356;3,42478700;5,98193300
8,08000356;3,42478700;5,98193300
8,16000356;3,42478700;5,98193300
8,24000356;3,51420600;5,98193300
8,32000356;3,51420600;5,98193300
8,40000356;3,51420600;5,89220900
8,48000356;3,51420600;5,89220900
8,56000356;3,51420600;5,98193300
8,64000356;3,51420600;5,89220900
8,72000356;3,51420600;5,89220900
8,80000356;3,60393100;5,98193300
8,88000356;3,60393100;5,98193300
8,96000356;3,60393100;5,89220900
9,04000355;3,60393100;5,98193300
9,12000355;3,60393100;5,98193300
9,20000355;3,69365500;5,98193300
9,28000355;3,69365500;5,98193300
9,36000355;3,69365500;5,98193300
9,44000355;3,69365500;5,98193300
9,52000355;3,69365500;5,98193300
9,60000355;3,69365500;5,98193300
9,68000355;3,78307400;5,98193300
9,76000355;3,78307400;5,98193300
9,84000355;3,78307400;5,89220900
9,92000355;3,78307400;5,98193300
10,00000355;3,78307400;5,89220900
10,08000355;3,78307400;5,98193300
10,16000355;3,87279900;5,98193300
10,24000355;3,87279900;5,98193300
10,32000355;3,87279900;5,89220900
10,40000355;3,87279900;5,98193300
10,48000355;3,87279900;5,98193300
10,56000355;3,87279900;5,98193300
10,64000354;3,87279900;5,89220900
10,72000354;3,87279900;5,98193300
10,80000354;3,87279900;5,98193300
10,88000354;3,96221800;5,89220900
10,96000354;3,96221800;5,98193300
11,04000354;3,96221800;5,98193300
11,12000354;3,96221800;5,98193300
11,20000354;3,96221800;5,98193300
11,28000354;3,96221800;5,98193300
11,36000354;3,96221800;5,98193300
11,44000354;4,05194200;5,98193300
11,52000354;4,05194200;5,98193300
11,60000354;4,05194200;5,98193300
11,68000354;4,05194200;5,98193300
11,76000354;4,05194200;5,98193300
11,84000354;4,14166700;5,98193300
11,92000354;4,14166700;5,98193300
12,00000354;4,14166700;5,89220900
12,08000354;4,14166700;5,98193300
12,16000354;4,14166700;5,98193300
12,24000354;4,14166700;5,98193300
12,32000353;4,14166700;5,98193300
12,40000353;4,14166700;5,98193300
12,48000353;4,23108600;5,98193300
12,56000353;4,23108600;5,98193300
12,64000353;4,23108600;5,98193300
12,72000353;4,23108600;5,98193300
12,80000353;4,23108600;5,98193300
12,88000353;4,23108600;5,98193300
12,96000353;4,23108600;5,98193300
13,04000353;4,23108600;5,98193300
13,12000353;4,23108600;5,98193300
13,20000353;4,23108600;5,98193300
13,28000353;4,23108600;5,89220900
13,36000353;4,23108600;5,98193300
13,44000353;4,32081100;5,98193300
13,52000353;4,32081100;5,98193300
13,60000353;4,32081100;5,98193300
13,68000353;4,32081100;5,98193300
13,76000353;4,41053500;5,98193300
13,84000353;4,32081100;5,98193300
13,92000352;4,32081100;5,98193300
14,00000352;4,41053500;5,98193300
14,08000352;4,41053500;5,98193300
14,16000352;4,41053500;5,98193300
14,24000352;4,41053500;5,98193300
14,32000352;4,41053500;5,98193300
14,40000352;4,49995400;5,98193300
14,48000352;4,49995400;5,98193300
14,56000352;4,49995400;5,98193300
14,64000352;4,49995400;5,98193300
14,72000352;4,49995400;5,98193300
14,80000352;4,49995400;5,98193300
14,88000352;4,49995400;5,98193300
14,96000352;4,49995400;5,98193300
15,04000352;4,58967900;5,98193300
15,12000352;4,58967900;5,98193300
15,20000352;4,49995400;5,98193300
15,28000352;4,58967900;5,98193300
15,36000352;4,58967900;5,98193300
15,44000352;4,58967900;5,98193300
15,52000352;4,58967900;5,98193300
15,60000351;4,58967900;5,89220900
15,68000351;4,58967900;5,98193300
15,76000351;4,58967900;5,98193300
15,84000351;4,58967900;5,98193300
15,92000351;4,58967900;5,98193300
16,00000351;4,58967900;5,98193300
16,08000351;4,58967900;5,98193300
16,16000351;4,67940300;5,98193300
16,24000351;4,67940300;5,89220900
16,32000351;4,67940300;5,98193300
16,40000351;4,67940300;5,98193300
16,48000351;4,67940300;5,89220900
16,56000351;4,67940300;5,98193300
16,64000351;4,67940300;5,98193300
16,72000351;4,76882200;5,98193300
16,80000351;4,76882200;5,98193300
16,88000351;4,67940300;5,98193300
16,96000351;4,67940300;5,98193300
17,04000351;4,76882200;5,98193300
17,12000351;4,76882200;5,98193300
17,20000351;4,76882200;5,98193300
17,28000350;4,76882200;5,98193300
17,36000350;4,76882200;5,98193300
17,44000350;4,76882200;5,98193300
17,52000350;4,76882200;5,89220900
17,60000350;4,76882200;5,98193300
17,68000350;4,76882200;5,98193300
17,76000350;4,85854700;5,98193300
17,84000350;4,76882200;5,98193300
17,92000350;4,85854700;5,98193300
18,00000350;4,85854700;5,98193300
18,08000350;4,85854700;5,89220900
18,16000350;4,85854700;5,98193300
18,24000350;4,85854700;5,98193300
18,32000350;4,85854700;5,98193300
18,40000350;4,85854700;5,98193300
18,48000350;4,85854700;5,98193300
18,56000350;4,85854700;5,98193300
18,64000350;4,85854700;5,98193300
18,72000350;4,85854700;5,98193300
18,80000350;4,94827100;5,98193300
18,88000349;4,85854700;5,98193300
18,96000349;4,85854700;5,98193300
19,04000349;4,94827100;5,98193300
19,12000349;4,94827100;5,98193300
19,20000349;4,94827100;5,98193300
19,28000349;4,94827100;5,98193300
19,36000349;4,94827100;5,98193300
19,44000349;4,94827100;5,98193300
19,52000349;4,94827100;5,89220900
19,60000349;4,94827100;5,98193300
19,68000349;4,94827100;5,98193300
19,76000349;4,94827100;5,98193300
19,84000349;4,94827100;5,98193300
19,92000349;4,94827100;5,89220900
20,00000349;4,94827100;5,98193300
20,08000349;4,94827100;5,98193300
20,16000349;4,94827100;5,98193300
20,24000349;5,03769000;5,98193300
20,32000349;5,03769000;5,98193300
20,40000349;4,94827100;5,98193300
20,48000349;4,94827100;5,98193300
20,56000348;5,03769000;5,98193300
20,64000348;5,03769000;5,98193300
20,72000348;5,03769000;5,98193300
20,80000348;5,03769000;5,98193300
20,88000348;5,03769000;5,98193300
20,96000348;5,03769000;5,89220900
21,04000348;5,03769000;5,98193300
21,12000348;5,12741500;5,98193300
21,20000348;5,03769000;5,98193300
21,28000348;5,03769000;5,98193300
21,36000348;5,12741500;5,98193300
21,44000348;5,03769000;5,98193300
21,52000348;5,12741500;5,98193300
21,60000348;5,03769000;5,98193300
21,68000348;5,12741500;5,98193300
21,76000348;5,12741500;5,98193300
21,84000348;5,12741500;5,98193300
21,92000348;5,12741500;5,98193300
22,00000348;5,12741500;5,98193300
22,08000348;5,12741500;5,98193300
22,16000347;5,12741500;5,98193300
22,24000347;5,12741500;5,98193300
22,32000347;5,12741500;5,98193300
22,40000347;5,12741500;5,98193300
22,48000347;5,12741500;5,98193300
22,56000347;5,21683400;6,07135200
22,64000347;5,21683400;5,98193300
22,72000347;5,21683400;5,98193300
22,80000347;5,21683400;5,89220900
22,88000347;5,21683400;5,98193300
22,96000347;5,21683400;5,98193300
23,04000347;5,21683400;5,98193300
23,12000347;5,21683400;5,98193300
23,20000347;5,21683400;5,98193300
23,28000347;5,21683400;5,98193300
23,36000347;5,21683400;5,98193300
23,44000347;5,21683400;5,98193300
23,52000347;5,21683400;5,98193300
23,60000347;5,21683400;5,98193300
23,68000347;5,30655900;5,98193300
23,76000347;5,21683400;5,98193300
23,84000346;5,21683400;5,98193300
23,92000346;5,21683400;5,98193300
24,00000346;5,30655900;5,98193300
24,08000346;5,21683400;5,98193300
24,16000346;5,30655900;5,98193300
24,24000346;5,30655900;5,98193300
24,32000346;5,21683400;5,98193300
24,40000346;5,30655900;5,98193300
24,48000346;5,30655900;5,98193300
24,56000346;5,30655900;5,98193300
24,64000346;5,30655900;5,98193300
24,72000346;5,30655900;5,98193300
24,80000346;5,30655900;5,98193300
24,88000346;5,30655900;5,98193300
24,96000346;5,30655900;5,98193300
25,04000346;5,30655900;5,98193300
25,12000346;5,30655900;5,98193300
25,20000346;5,30655900;5,98193300
25,28000346;5,30655900;5,98193300
25,36000346;5,30655900;5,98193300
25,44000345;5,30655900;5,98193300
25,52000345;5,30655900;5,98193300
25,60000345;5,30655900;5,98193300
25,68000345;5,30655900;5,98193300
25,76000345;5,30655900;5,98193300
25,84000345;5,30655900;5,98193300
25,92000345;5,30655900;5,98193300
26,00000345;5,30655900;5,98193300
26,08000345;5,30655900;5,98193300
26,16000345;5,30655900;5,98193300
26,24000345;5,39628300;5,98193300
26,32000345;5,30655900;5,98193300
26,40000345;5,30655900;5,98193300
26,48000345;5,30655900;5,98193300
26,56000345;5,39628300;5,98193300
26,64000345;5,39628300;5,98193300
26,72000345;5,39628300;5,98193300
26,80000345;5,39628300;5,98193300
26,88000345;5,39628300;5,98193300
26,96000345;5,39628300;5,98193300
27,04000345;5,39628300;5,98193300
27,12000344;5,39628300;5,98193300
27,20000344;5,39628300;5,98193300
27,28000344;5,39628300;5,98193300
27,36000344;5,39628300;5,98193300
27,44000344;5,39628300;5,98193300
27,52000344;5,48570200;5,98193300
27,60000344;5,39628300;5,98193300
27,68000344;5,39628300;5,98193300
27,76000344;5,48570200;5,98193300
27,84000344;5,39628300;5,98193300
27,92000344;5,48570200;5,98193300
28,00000344;5,39628300;5,98193300
28,08000344;5,48570200;5,98193300
28,16000344;5,48570200;5,98193300
28,24000344;5,48570200;5,98193300
28,32000344;5,48570200;5,98193300
28,40000344;5,48570200;5,98193300
28,48000344;5,48570200;5,98193300
28,56000344;5,48570200;5,98193300
28,64000344;5,48570200;5,98193300
28,72000344;5,48570200;5,98193300
28,80000343;5,48570200;5,89220900
28,88000343;5,48570200;5,89220900
28,96000343;5,48570200;5,89220900
29,04000343;5,48570200;5,62334100
29,12000343;5,48570200;5,17563400
29,20000343;5,48570200;4,63789800
29,28000343;5,48570200;3,92132300
29,36000343;5,48570200;3,38358700
29,44000343;5,39628300;2,66701200
29,52000343;5,48570200;2,03985700
29,60000343;5,39628300;1,41270200
29,68000343;5,30655900;0,69582200
29,76000343;5,30655900;0,24811550
29,84000343;5,30655900;0,15839110
29,92000343;5,30655900;0,15839110
30,00000343;5,21683400;0,15839110
30,08000343;5,21683400;0,15839110
30,16000343;5,12741500;0,15839110
30,24000343;5,12741500;0,15839110
30,32000343;5,12741500;0,15839110
30,40000342;5,03769000;0,15839110
30,48000342;4,94827100;0,15839110
30,56000342;4,94827100;0,15839110
30,64000342;4,94827100;0,15839110
30,72000342;4,94827100;0,15839110
30,80000342;4,85854700;0,15839110
30,88000342;4,85854700;0,06866664
30,96000342;4,85854700;0,15839110
31,04000342;4,76882200;0,15839110
31,12000342;4,76882200;0,15839110
31,20000342;4,76882200;0,06866664
31,28000342;4,67940300;0,15839110
31,36000342;4,67940300;0,15839110
31,44000342;4,58967900;0,15839110
31,52000342;4,58967900;0,06866664
31,60000342;4,58967900;0,15839110
31,68000342;4,58967900;0,15839110
31,76000342;4,49995400;0,06866664
31,84000342;4,49995400;0,15839110
31,92000342;4,49995400;0,15839110
32,00000342;4,41053500;0,15839110
32,08000341;4,41053500;0,15839110
32,16000341;4,41053500;0,15839110
32,24000341;4,32081100;0,06866664
32,32000341;4,32081100;0,15839110
32,40000341;4,23108600;0,15839110
32,48000341;4,23108600;0,06866664
32,56000341;4,23108600;0,15839110
32,64000341;4,23108600;0,06866664
32,72000341;4,14166700;0,06866664
32,80000341;4,14166700;0,15839110
32,88000341;4,14166700;0,06866664
32,96000341;4,14166700;0,15839110
33,04000341;4,05194200;0,06866664
33,12000341;4,05194200;0,06866664
33,20000341;4,05194200;0,06866664
33,28000341;4,05194200;0,06866664
33,36000341;3,96221800;0,15839110
33,44000341;3,87279900;0,15839110
33,52000341;3,87279900;0,06866664
33,60000341;3,87279900;0,06866664
33,68000340;3,87279900;0,06866664
33,76000340;3,87279900;0,06866664
33,84000340;3,78307400;0,06866664
33,92000340;3,78307400;0,15839110
34,00000340;3,78307400;0,06866664
34,08000340;3,78307400;0,06866664
34,16000340;3,78307400;0,15839110
34,24000340;3,69365500;0,06866664
34,32000340;3,69365500;0,06866664
34,40000340;3,69365500;0,06866664
34,48000340;3,60393100;0,15839110
34,56000340;3,60393100;0,06866664
34,64000340;3,51420600;0,06866664
34,72000340;3,51420600;0,06866664
34,80000340;3,51420600;0,06866664
34,88000340;3,51420600;0,06866664
34,96000340;3,51420600;0,06866664
35,04000340;3,51420600;0,06866664
35,12000340;3,42478700;0,06866664
35,20000340;3,42478700;0,06866664
35,28000340;3,42478700;0,06866664
35,36000339;3,42478700;0,06866664
35,44000339;3,33506300;0,06866664
35,52000339;3,33506300;0,06866664
35,60000339;3,33506300;0,15839110
35,68000339;3,33506300;0,15839110
35,76000339;3,24533800;0,06866664
35,84000339;3,24533800;0,06866664
35,92000339;3,24533800;0,06866664
36,00000339;3,15591900;0,06866664
36,08000339;3,15591900;0,06866664
36,16000339;3,15591900;0,06866664
36,24000339;3,15591900;0,06866664
36,32000339;3,15591900;0,06866664
36,40000339;3,15591900;0,06866664
36,48000339;3,06619500;0,06866664
36,56000339;3,06619500;0,06866664
36,64000339;3,06619500;0,06866664
36,72000339;3,06619500;0,06866664
36,80000339;3,06619500;0,06866664
36,88000339;2,97647000;0,06866664
36,96000338;2,97647000;0,06866664
37,04000338;2,97647000;0,06866664
37,12000338;2,97647000;0,06866664
37,20000338;2,88705100;0,06866664
37,28000338;2,88705100;0,06866664
37,36000338;2,88705100;0,06866664
37,44000338;2,79732700;0,06866664
37,52000338;2,79732700;0,06866664
37,60000338;2,79732700;0,06866664
37,68000338;2,79732700;0,06866664
37,76000338;2,79732700;0,06866664
37,84000338;2,79732700;0,06866664
37,92000338;2,70790700;0,06866664
38,00000338;2,79732700;0,06866664
38,08000338;2,70790700;0,06866664
38,16000338;2,70790700;0,06866664
38,24000338;2,70790700;0,06866664
38,32000338;2,70790700;0,06866664
38,40000338;2,61818300;0,06866664
38,48000338;2,61818300;0,06866664
38,56000338;2,61818300;0,06866664
38,64000337;2,52845900;0,06866664
38,72000337;2,52845900;0,06866664
38,80000337;2,52845900;0,06866664
38,88000337;2,52845900;0,06866664
38,96000337;2,52845900;0,06866664
39,04000337;2,43903900;0,06866664
39,12000337;2,43903900;0,06866664
39,20000337;2,43903900;0,06866664
39,28000337;2,43903900;0,06866664
39,36000337;2,43903900;0,06866664
39,44000337;2,43903900;0,06866664
39,52000337;2,43903900;0,06866664
39,60000337;2,34931500;0,06866664
39,68000337;2,43903900;0,06866664
39,76000337;2,34931500;0,06866664
39,84000337;2,34931500;0,06866664
39,92000337;2,34931500;0,06866664
40,00000337;2,25959000;0,06866664
40,08000337;2,25959000;0,06866664
40,16000337;2,25959000;0,06866664
40,24000336;2,25959000;0,06866664
40,32000336;2,25959000;0,06866664
40,40000336;2,25959000;0,06866664
40,48000336;2,17017100;0,06866664
40,56000336;2,17017100;0,06866664
40,64000336;2,17017100;0,06866664
40,72000336;2,17017100;0,06866664
40,80000336;2,17017100;0,06866664
40,88000336;2,08044700;0,06866664
40,96000336;2,17017100;0,06866664
41,04000336;2,08044700;0,06866664
41,12000336;2,08044700;0,06866664
41,20000336;2,08044700;0,06866664
41,28000336;2,08044700;0,06866664
41,36000336;2,08044700;0,06866664
41,44000336;2,08044700;0,06866664
41,52000336;2,08044700;0,06866664
41,60000336;1,99072200;0,06866664
41,68000336;1,99072200;0,06866664
41,76000336;1,99072200;0,06866664
41,84000336;1,99072200;-0,02075259
41,92000335;1,99072200;0,06866664
42,00000335;1,99072200;0,06866664
42,08000335;1,99072200;0,06866664
42,16000335;1,99072200;0,06866664
42,24000335;1,90130300;0,06866664
42,32000335;1,90130300;0,06866664
42,40000335;1,90130300;0,06866664
42,48000335;1,90130300;0,06866664
42,56000335;1,90130300;0,06866664
42,64000335;1,90130300;0,06866664
42,72000335;1,90130300;0,06866664
42,80000335;1,81157900;0,06866664
42,88000335;1,81157900;0,06866664
42,96000335;1,81157900;0,06866664
43,04000335;1,81157900;0,06866664
43,12000335;1,72185400;0,06866664
43,20000335;1,81157900;0,06866664
43,28000335;1,72185400;0,06866664
43,36000335;1,72185400;0,06866664
43,44000335;1,72185400;0,06866664
43,52000335;1,72185400;0,06866664
43,60000334;1,72185400;0,06866664
43,68000334;1,72185400;0,06866664
43,76000334;1,72185400;0,06866664
43,84000334;1,72185400;0,06866664
43,92000334;1,72185400;0,06866664
44,00000334;1,72185400;0,06866664
44,08000334;1,63243500;0,06866664
44,16000334;1,63243500;0,06866664
44,24000334;1,63243500;0,06866664
44,32000334;1,63243500;0,06866664
44,40000334;1,63243500;0,06866664
44,48000334;1,63243500;0,06866664
44,56000334;1,54271100;0,06866664
44,64000334;1,54271100;0,06866664
44,72000334;1,54271100;0,06866664
44,80000334;1,54271100;0,06866664
44,88000334;1,54271100;0,06866664
44,96000334;1,54271100;0,06866664
45,04000334;1,54271100;0,06866664
45,12000334;1,54271100;0,06866664
45,20000333;1,54271100;0,06866664
45,28000333;1,45329100;0,06866664
45,36000333;1,54271100;0,06866664
45,44000333;1,45329100;0,06866664
45,52000333;1,45329100;0,06866664
45,60000333;1,45329100;0,06866664
45,68000333;1,45329100;0,06866664
45,76000333;1,45329100;0,06866664
45,84000333;1,45329100;0,06866664
45,92000333;1,45329100;0,06866664
46,00000333;1,45329100;0,06866664
46,08000333;1,36356700;0,06866664
46,16000333;1,36356700;0,06866664
46,24000333;1,36356700;0,06866664
46,32000333;1,36356700;0,06866664
46,40000333;1,36356700;-0,02075259
46,48000333;1,36356700;0,06866664
46,56000333;1,36356700;0,06866664
46,64000333;1,36356700;0,06866664
46,72000333;1,36356700;0,06866664
46,80000333;1,36356700;0,06866664
46,88000332;1,36356700;0,06866664
46,96000332;1,36356700;0,06866664
47,04000332;1,36356700;0,06866664
47,12000332;1,27384300;0,06866664
47,20000332;1,27384300;0,06866664
47,28000332;1,27384300;0,06866664
47,36000332;1,27384300;0,06866664
47,44000332;1,27384300;0,06866664
47,52000332;1,27384300;0,06866664
47,60000332;1,27384300;0,06866664
47,68000332;1,27384300;0,06866664
47,76000332;1,27384300;0,06866664
47,84000332;1,27384300;-0,02075259
47,92000332;1,27384300;-0,02075259
48,00000332;1,18442300;0,06866664
48,08000332;1,27384300;0,06866664
48,16000332;1,18442300;0,06866664
48,24000332;1,27384300;0,06866664
48,32000332;1,18442300;0,06866664
48,40000332;1,18442300;0,06866664
48,48000331;1,18442300;0,06866664
48,56000331;1,09469900;0,06866664
48,64000331;1,09469900;0,06866664
48,72000331;1,18442300;-0,02075259
48,80000331;1,09469900;0,06866664
48,88000331;1,09469900;0,06866664
48,96000331;1,09469900;0,06866664
49,04000331;1,09469900;0,06866664
49,12000331;1,09469900;0,06866664
49,20000331;1,09469900;0,06866664
49,28000331;1,09469900;0,06866664
49,36000331;1,09469900;0,06866664
49,44000331;1,00497400;0,06866664
49,52000331;1,00497400;0,06866664
49,60000331;1,09469900;0,06866664
49,68000331;1,00497400;0,06866664
49,76000331;1,09469900;0,06866664
49,84000331;1,00497400;0,06866664
49,92000331;1,00497400;0,06866664
50,00000331;1,00497400;-0,02075259
50,08000331;1,00497400;0,06866664
50,16000330;1,00497400;0,06866664
50,24000330;1,00497400;0,06866664
50,32000330;1,00497400;0,06866664
50,40000330;1,00497400;0,06866664
50,48000330;1,00497400;0,06866664
50,56000330;1,00497400;0,06866664
50,64000330;1,00497400;0,06866664
50,72000330;1,00497400;0,06866664
50,80000330;1,00497400;0,06866664
50,88000330;1,00497400;0,06866664
50,96000330;1,00497400;0,06866664
51,04000330;1,00497400;0,06866664
51,12000330;0,91555530;0,06866664
51,20000330;0,91555530;-0,02075259
51,28000330;0,91555530;0,06866664
51,36000330;0,91555530;0,06866664
51,44000330;0,91555530;-0,02075259
51,52000330;0,91555530;0,06866664
51,60000330;0,91555530;0,06866664
51,68000330;0,91555530;0,06866664
51,76000329;0,91555530;0,06866664
51,84000329;0,91555530;0,06866664
51,92000329;0,91555530;0,06866664
52,00000329;0,91555530;0,06866664
52,08000329;0,91555530;0,06866664
52,16000329;0,91555530;-0,02075259
52,24000329;0,82583090;-0,02075259
52,32000329;0,82583090;0,06866664
52,40000329;0,82583090;0,06866664
52,48000329;0,82583090;0,06866664
52,56000329;0,82583090;0,06866664
52,64000329;0,82583090;0,06866664
52,72000329;0,82583090;-0,02075259
52,80000329;0,82583090;0,06866664
52,88000329;0,82583090;0,06866664
52,96000329;0,82583090;0,06866664
53,04000329;0,82583090;0,06866664
53,12000329;0,82583090;0,06866664
53,20000329;0,82583090;-0,02075259
53,28000329;0,73610650;0,06866664
53,36000329;0,82583090;0,06866664
53,44000328;0,82583090;-0,02075259
53,52000328;0,73610650;0,06866664
53,60000328;0,73610650;0,06866664
53,68000328;0,73610650;-0,02075259
53,76000328;0,73610650;-0,02075259
53,84000328;0,82583090;0,06866664
53,92000328;0,73610650;-0,02075259
54,00000328;0,73610650;-0,02075259
54,08000328;0,73610650;0,06866664
54,16000328;0,73610650;0,06866664
54,24000328;0,73610650;0,06866664
54,32000328;0,73610650;0,06866664
54,40000328;0,73610650;0,06866664
54,48000328;0,73610650;0,06866664
54,56000328;0,73610650;0,06866664
54,64000328;0,73610650;-0,02075259
54,72000328;0,73610650;-0,02075259
54,80000328;0,64668720;0,06866664
54,88000328;0,64668720;0,06866664
54,96000328;0,73610650;0,06866664
55,04000328;0,64668720;0,06866664
55,12000327;0,64668720;-0,02075259
55,20000327;0,64668720;-0,02075259
55,28000327;0,64668720;-0,02075259
55,36000327;0,64668720;0,06866664
55,44000327;0,64668720;0,06866664
55,52000327;0,64668720;-0,02075259
55,60000327;0,64668720;0,06866664
55,68000327;0,64668720;0,06866664
55,76000327;0,64668720;0,06866664
55,84000327;0,64668720;-0,02075259
55,92000327;0,64668720;0,06866664
56,00000327;0,64668720;0,06866664
56,08000327;0,64668720;0,06866664
56,16000327;0,64668720;0,06866664
56,24000327;0,64668720;0,06866664
56,32000327;0,64668720;0,06866664
56,40000327;0,64668720;0,06866664
56,48000327;0,64668720;0,06866664
56,56000327;0,64668720;0,06866664
56,64000327;0,64668720;0,06866664
56,72000326;0,64668720;0,06866664
56,80000326;0,64668720;-0,02075259
56,88000326;0,64668720;-0,02075259
56,96000326;0,64668720;0,06866664
57,04000326;0,55696280;0,06866664
57,12000326;0,55696280;0,06866664
57,20000326;0,55696280;-0,02075259
57,28000326;0,55696280;-0,02075259
57,36000326;0,55696280;0,06866664
57,44000326;0,55696280;0,06866664
57,52000326;0,55696280;0,06866664
57,60000326;0,55696280;0,06866664
57,68000326;0,55696280;0,06866664
57,76000326;0,55696280;0,06866664
57,84000326;0,55696280;0,06866664
57,92000326;0,55696280;0,06866664
58,00000326;0,55696280;-0,02075259
58,08000326;0,55696280;0,06866664
58,16000326;0,55696280;0,06866664
58,24000326;0,55696280;0,06866664
58,32000326;0,55696280;0,06866664
58,40000325;0,55696280;0,06866664
58,48000325;0,55696280;0,06866664
58,56000325;0,55696280;0,06866664
58,64000325;0,55696280;-0,02075259
58,72000325;0,55696280;0,06866664
58,80000325;0,55696280;0,06866664
58,88000325;0,55696280;0,06866664
58,96000325;0,55696280;0,06866664
59,04000325;0,55696280;0,15839110
59,12000325;0,55696280;0,51667840
59,20000325;0,55696280;1,05441500
59,28000325;0,55696280;1,59184600
59,36000325;0,55696280;2,21900100
59,44000325;0,55696280;2,75643200
59,52000325;0,55696280;3,38358700
59,60000325;0,55696280;3,92132300
59,68000325;0,64668720;4,45875400
59,76000325;0,64668720;5,08590900
59,84000325;0,64668720;5,62334100
59,92000325;0,64668720;5,80248400
60,00000324;0,73610650;5,89220900
60,08000324;0,73610650;5,89220900
60,16000324;0,82583090;5,80248400
60,24000324;0,82583090;5,89220900
60,32000324;0,91555530;5,89220900
60,40000324;0,91555530;5,89220900
60,48000324;0,91555530;5,89220900
60,56000324;1,00497400;5,89220900
60,64000324;1,00497400;5,89220900
60,72000324;1,00497400;5,89220900
60,80000324;1,09469900;5,89220900
60,88000324;1,09469900;5,98193300
60,96000324;1,09469900;5,89220900
61,04000324;1,18442300;5,89220900
61,12000324;1,27384300;5,89220900
61,20000324;1,27384300;5,98193300
61,28000324;1,27384300;5,89220900
61,36000324;1,27384300;5,89220900
61,44000324;1,36356700;5,89220900
61,52000324;1,36356700;5,89220900
61,60000324;1,36356700;5,89220900
61,68000323;1,36356700;5,89220900
61,76000323;1,45329100;5,89220900
61,84000323;1,45329100;5,89220900
61,92000323;1,54271100;5,89220900
62,00000323;1,54271100;5,89220900
62,08000323;1,63243500;5,89220900
62,16000323;1,63243500;5,89220900
62,24000323;1,63243500;5,89220900
62,32000323;1,63243500;5,89220900
62,40000323;1,72185400;5,89220900
62,48000323;1,72185400;5,89220900
62,56000323;1,72185400;5,89220900
62,64000323;1,72185400;5,89220900
62,72000323;1,72185400;5,89220900
62,80000323;1,81157900;5,98193300
62,88000323;1,81157900;5,89220900
62,96000323;1,81157900;5,89220900
63,04000323;1,90130300;5,89220900
63,12000323;1,99072200;5,89220900
63,20000323;1,99072200;5,89220900
63,28000322;1,99072200;5,89220900
63,36000322;2,08044700;5,98193300
63,44000322;2,08044700;5,89220900
63,52000322;2,08044700;5,98193300
63,60000322;2,08044700;5,89220900
63,68000322;2,08044700;5,89220900
63,76000322;2,08044700;5,89220900
63,84000322;2,17017100;5,98193300
63,92000322;2,17017100;5,89220900
64,00000322;2,17017100;5,89220900
64,08000322;2,25959000;5,89220900
64,16000322;2,25959000;5,98193300
64,24000322;2,25959000;5,89220900
64,32000322;2,34931500;5,89220900
64,40000322;2,34931500;5,89220900
64,48000322;2,34931500;5,98193300
64,56000322;2,43903900;5,98193300
64,64000322;2,34931500;5,89220900
64,72000322;2,43903900;5,89220900
64,80000322;2,43903900;5,98193300
64,88000322;2,43903900;5,98193300
64,96000321;2,43903900;5,89220900
65,04000321;2,52845900;5,98193300
65,12000321;2,52845900;5,98193300
65,20000321;2,52845900;5,89220900
65,28000321;2,61818300;5,89220900
65,36000321;2,61818300;5,98193300
65,44000321;2,61818300;5,98193300
65,52000321;2,70790700;5,89220900
65,60000321;2,70790700;5,89220900
65,68000321;2,70790700;5,89220900
65,76000321;2,70790700;5,98193300
65,84000321;2,79732700;5,89220900
65,92000321;2,79732700;5,89220900
66,00000321;2,79732700;5,89220900
66,08000321;2,79732700;5,89220900
66,16000321;2,79732700;5,89220900
66,24000321;2,79732700;5,98193300
66,32000321;2,88705100;5,89220900
66,40000321;2,88705100;5,89220900
66,48000321;2,88705100;5,98193300
66,56000321;2,88705100;5,89220900
66,64000320;2,97647000;5,89220900
66,72000320;2,97647000;5,89220900
66,80000320;2,97647000;5,89220900
66,88000320;2,97647000;5,89220900
66,96000320;3,06619500;5,98193300
67,04000320;3,06619500;5,98193300
67,12000320;3,06619500;5,89220900
67,20000320;3,06619500;5,98193300
67,28000320;3,06619500;5,89220900
67,36000320;3,15591900;5,98193300
67,44000320;3,15591900;5,89220900
67,52000320;3,15591900;5,89220900
67,60000320;3,15591900;5,98193300
67,68000320;3,15591900;5,89220900
67,76000320;3,15591900;5,98193300
67,84000320;3,15591900;5,89220900
67,92000320;3,24533800;5,89220900
68,00000320;3,24533800;5,89220900
68,08000320;3,24533800;5,98193300
68,16000320;3,33506300;5,89220900
68,24000319;3,33506300;5,98193300
68,32000319;3,33506300;5,89220900
68,40000319;3,33506300;5,98193300
68,48000319;3,42478700;5,98193300
68,56000319;3,33506300;5,98193300
68,64000319;3,42478700;5,98193300
68,72000319;3,42478700;5,98193300
68,80000319;3,42478700;5,89220900
68,88000319;3,42478700;5,89220900
68,96000319;3,42478700;5,89220900
69,04000319;3,51420600;5,89220900
69,12000319;3,51420600;5,98193300
69,20000319;3,51420600;5,89220900
69,28000319;3,51420600;5,98193300
69,36000319;3,51420600;5,89220900
69,44000319;3,51420600;5,98193300
69,52000319;3,51420600;5,98193300
69,60000319;3,60393100;5,98193300
69,68000319;3,60393100;5,89220900
69,76000319;3,60393100;5,98193300
69,84000319;3,60393100;5,89220900
69,92000318;3,60393100;5,98193300
70,00000318;3,69365500;5,89220900
70,08000318;3,60393100;5,98193300
70,16000318;3,69365500;5,89220900
70,24000318;3,69365500;5,98193300
70,32000318;3,69365500;5,98193300
70,40000318;3,69365500;5,89220900
70,48000318;3,78307400;5,89220900
70,56000318;3,78307400;5,98193300
70,64000318;3,78307400;5,98193300
70,72000318;3,78307400;5,89220900
70,80000318;3,78307400;5,98193300
70,88000318;3,78307400;5,89220900
70,96000318;3,78307400;5,98193300
71,04000318;3,78307400;5,89220900
71,12000318;3,87279900;5,89220900
71,20000318;3,87279900;5,98193300
71,28000318;3,87279900;5,98193300
71,36000318;3,87279900;5,98193300
71,44000318;3,87279900;5,98193300
71,52000317;3,87279900;5,89220900
71,60000317;3,87279900;5,89220900
71,68000317;3,87279900;5,98193300
71,76000317;3,96221800;5,89220900
71,84000317;3,96221800;5,98193300
71,92000317;3,96221800;5,89220900
72,00000317;3,96221800;5,89220900
72,08000317;4,05194200;5,98193300
72,16000317;4,05194200;5,98193300
72,24000317;4,05194200;5,89220900
72,32000317;4,05194200;5,98193300
72,40000317;4,05194200;5,98193300
72,48000317;4,14166700;5,98193300
72,56000317;4,05194200;5,89220900
72,64000317;4,05194200;5,89220900
72,72000317;4,14166700;5,98193300
72,80000317;4,14166700;5,98193300
72,88000317;4,14166700;5,98193300
72,96000317;4,14166700;5,89220900
73,04000317;4,14166700;5,89220900
73,12000317;4,14166700;5,98193300
73,20000316;4,14166700;5,98193300
73,28000316;4,23108600;5,98193300
73,36000316;4,23108600;5,89220900
73,44000316;4,23108600;5,98193300
73,52000316;4,23108600;5,98193300
73,60000316;4,23108600;5,98193300
73,68000316;4,23108600;5,98193300
73,76000316;4,23108600;5,98193300
73,84000316;4,23108600;5,98193300
73,92000316;4,23108600;5,98193300
74,00000316;4,23108600;5,98193300
74,08000316;4,32081100;5,98193300
74,16000316;4,23108600;5,98193300
74,24000316;4,32081100;5,89220900
74,32000316;4,32081100;5,98193300
74,40000316;4,32081100;5,98193300
74,48000316;4,41053500;5,89220900
74,56000316;4,41053500;5,98193300
74,64000316;4,41053500;5,98193300
74,72000316;4,41053500;5,98193300
74,80000315;4,41053500;5,89220900
74,88000315;4,41053500;5,98193300
74,96000315;4,41053500;5,98193300
75,04000315;4,41053500;5,98193300
75,12000315;4,49995400;5,98193300
75,20000315;4,49995400;5,98193300
75,28000315;4,41053500;5,98193300
75,36000315;4,49995400;5,98193300
75,44000315;4,49995400;5,89220900
75,52000315;4,49995400;5,98193300
75,60000315;4,49995400;5,98193300
75,68000315;4,49995400;5,98193300
75,76000315;4,49995400;5,98193300
75,84000315;4,49995400;5,98193300
75,92000315;4,49995400;5,98193300
76,00000315;4,49995400;5,98193300
76,08000315;4,49995400;5,98193300
76,16000315;4,58967900;5,98193300
76,24000315;4,49995400;5,98193300
76,32000315;4,58967900;5,98193300
76,40000315;4,58967900;5,98193300
76,48000314;4,58967900;5,98193300
76,56000314;4,58967900;5,98193300
76,64000314;4,58967900;5,98193300
76,72000314;4,58967900;5,98193300
76,80000314;4,58967900;5,98193300
76,88000314;4,67940300;5,98193300
76,96000314;4,67940300;5,98193300
77,04000314;4,58967900;5,98193300
77,12000314;4,67940300;5,98193300
77,20000314;4,67940300;5,98193300
77,28000314;4,67940300;5,98193300
77,36000314;4,67940300;5,98193300
77,44000314;4,67940300;5,98193300
77,52000314;4,67940300;5,98193300
77,60000314;4,67940300;5,98193300
77,68000314;4,67940300;5,98193300
77,76000314;4,76882200;5,98193300
77,84000314;4,76882200;5,98193300
77,92000314;4,67940300;5,89220900
78,00000314;4,76882200;5,98193300
78,08000314;4,76882200;5,98193300
78,16000313;4,76882200;5,98193300
78,24000313;4,76882200;5,98193300
78,32000313;4,76882200;5,98193300
78,40000313;4,76882200;5,98193300
78,48000313;4,76882200;5,98193300
78,56000313;4,85854700;5,98193300
78,64000313;4,85854700;5,98193300
78,72000313;4,85854700;5,98193300
78,80000313;4,85854700;5,98193300
78,88000313;4,85854700;5,98193300
78,96000313;4,85854700;5,98193300
79,04000313;4,85854700;5,98193300
79,12000313;4,85854700;5,98193300
79,20000313;4,85854700;5,98193300
79,28000313;4,85854700;5,98193300
79,36000313;4,85854700;5,98193300
79,44000313;4,85854700;5,89220900
79,52000313;4,94827100;5,98193300
79,60000313;4,85854700;5,98193300
79,68000313;4,94827100;5,98193300
79,76000312;4,94827100;5,98193300
79,84000312;4,85854700;5,98193300
79,92000312;4,94827100;5,98193300
80,00000312;4,94827100;5,98193300
80,08000312;4,94827100;5,98193300
80,16000312;4,94827100;5,98193300
80,24000312;4,94827100;5,98193300
80,32000312;4,94827100;5,98193300
80,40000312;4,94827100;5,98193300
80,48000312;4,94827100;5,98193300
80,56000312;4,94827100;5,98193300
80,64000312;4,94827100;5,98193300
80,72000312;4,94827100;5,98193300
80,80000312;4,94827100;5,98193300
80,88000312;4,94827100;5,98193300
80,96000312;4,94827100;5,98193300
81,04000312;4,94827100;5,98193300
81,12000312;4,94827100;5,98193300
81,20000312;5,03769000;5,98193300
81,28000312;5,03769000;5,98193300
81,36000312;5,03769000;5,98193300
81,44000311;5,03769000;5,98193300
81,52000311;5,03769000;5,98193300
81,60000311;5,03769000;5,98193300
81,68000311;5,03769000;5,98193300
81,76000311;5,03769000;5,89220900
81,84000311;5,03769000;5,98193300
81,92000311;5,03769000;5,98193300
82,00000311;5,03769000;5,98193300
82,08000311;5,12741500;5,98193300
82,16000311;5,12741500;5,98193300
82,24000311;5,12741500;5,98193300
82,32000311;5,12741500;5,98193300
82,40000311;5,12741500;5,98193300
82,48000311;5,12741500;5,98193300
82,56000311;5,12741500;5,98193300
82,64000311;5,12741500;5,98193300
82,72000311;5,12741500;5,98193300
82,80000311;5,12741500;5,98193300
82,88000311;5,12741500;5,98193300
82,96000311;5,12741500;5,98193300
83,04000310;5,12741500;5,98193300
83,12000310;5,12741500;5,98193300
83,20000310;5,12741500;5,98193300
83,28000310;5,12741500;5,98193300
83,36000310;5,21683400;5,98193300
83,44000310;5,12741500;5,98193300
83,52000310;5,12741500;5,98193300
83,60000310;5,21683400;5,98193300
83,68000310;5,12741500;5,98193300
83,76000310;5,21683400;5,98193300
83,84000310;5,21683400;5,98193300
83,92000310;5,21683400;5,98193300
84,00000310;5,21683400;5,98193300
84,08000310;5,21683400;5,89220900
84,16000310;5,21683400;5,98193300
84,24000310;5,21683400;5,98193300
84,32000310;5,21683400;5,98193300
84,40000310;5,21683400;5,98193300
84,48000310;5,21683400;5,98193300
84,56000310;5,21683400;5,98193300
84,64000310;5,21683400;5,98193300
84,72000309;5,21683400;5,98193300
84,80000309;5,21683400;5,98193300
84,88000309;5,30655900;5,98193300
84,96000309;5,30655900;5,98193300
85,04000309;5,21683400;5,98193300
85,12000309;5,21683400;5,98193300
85,20000309;5,21683400;5,98193300
85,28000309;5,21683400;5,98193300
85,36000309;5,30655900;5,98193300
85,44000309;5,30655900;5,98193300
85,52000309;5,30655900;5,98193300
85,60000309;5,30655900;5,98193300
85,68000309;5,30655900;5,89220900
85,76000309;5,30655900;5,98193300
85,84000309;5,30655900;6,07135200
85,92000309;5,30655900;5,98193300
86,00000309;5,30655900;5,98193300
86,08000309;5,30655900;5,98193300
86,16000309;5,30655900;5,98193300
86,24000309;5,30655900;5,98193300
86,32000308;5,30655900;5,98193300
86,40000308;5,30655900;5,98193300
86,48000308;5,30655900;5,98193300
86,56000308;5,30655900;5,98193300
86,64000308;5,30655900;5,98193300
86,72000308;5,30655900;5,98193300
86,80000308;5,30655900;5,98193300
86,88000308;5,30655900;5,98193300
86,96000308;5,39628300;5,98193300
87,04000308;5,30655900;5,98193300
87,12000308;5,30655900;5,98193300
87,20000308;5,30655900;5,98193300
87,28000308;5,30655900;5,98193300
87,36000308;5,30655900;5,98193300
87,44000308;5,39628300;5,98193300
87,52000308;5,39628300;5,98193300
87,60000308;5,39628300;5,98193300
87,68000308;5,39628300;5,89220900
87,76000308;5,39628300;5,98193300
87,84000308;5,39628300;5,98193300
87,92000308;5,39628300;5,98193300
88,00000307;5,39628300;5,98193300
88,08000307;5,39628300;5,98193300
88,16000307;5,39628300;5,98193300
88,24000307;5,39628300;5,98193300
88,32000307;5,48570200;6,07135200
88,40000307;5,39628300;5,98193300
88,48000307;5,39628300;5,98193300
88,56000307;5,39628300;5,98193300
88,64000307;5,39628300;5,98193300
88,72000307;5,48570200;5,98193300
88,80000307;5,48570200;5,98193300
88,88000307;5,48570200;5,98193300
88,96000307;5,48570200;5,98193300
89,04000307;5,39628300;5,98193300
89,12000307;5,39628300;5,98193300
89,20000307;5,48570200;5,98193300
89,28000307;5,48570200;5,98193300
89,36000307;5,48570200;5,98193300
89,44000307;5,48570200;5,98193300
89,52000307;5,48570200;5,98193300
89,60000307;5,48570200;5,98193300
89,68000306;5,48570200;5,89220900
89,76000306;5,48570200;5,89220900
89,84000306;5,48570200;5,80248400
89,92000306;5,48570200;5,35477800
90,00000306;5,48570200;4,81704100
90,08000306;5,39628300;4,18988600
90,16000306;5,48570200;3,65245500
90,24000306;5,39628300;2,93557500
90,32000306;5,39628300;2,21900100
90,40000306;5,30655900;1,59184600
90,48000306;5,39628300;0,96469010
90,56000306;5,30655900;0,33753470
90,64000306;5,30655900;0,15839110
90,72000306;5,30655900;0,06866664
90,80000306;5,21683400;0,15839110
90,88000306;5,21683400;0,06866664
90,96000306;5,21683400;0,15839110
91,04000306;5,12741500;0,15839110
91,12000306;5,12741500;0,15839110
91,20000306;5,03769000;0,15839110
91,28000305;5,03769000;0,15839110
91,36000305;4,94827100;0,15839110
91,44000305;4,94827100;0,15839110
91,52000305;4,94827100;0,06866664
91,60000305;4,85854700;0,15839110
91,68000305;4,85854700;0,06866664
91,76000305;4,85854700;0,15839110
91,84000305;4,85854700;0,06866664
91,92000305;4,76882200;0,15839110
92,00000305;4,76882200;0,15839110
92,08000305;4,67940300;0,15839110
92,16000305;4,67940300;0,15839110
92,24000305;4,67940300;0,15839110
92,32000305;4,58967900;0,06866664
92,40000305;4,58967900;0,15839110
92,48000305;4,58967900;0,06866664
92,56000305;4,58967900;0,06866664
92,64000305;4,49995400;0,06866664
92,72000305;4,49995400;0,15839110
92,80000305;4,41053500;0,15839110
92,88000305;4,41053500;0,15839110
92,96000304;4,32081100;0,06866664
93,04000304;4,32081100;0,06866664
93,12000304;4,32081100;0,06866664
93,20000304;4,32081100;0,15839110
93,28000304;4,32081100;0,06866664
93,36000304;4,23108600;0,06866664
93,44000304;4,23108600;0,15839110
93,52000304;4,23108600;0,06866664
93,60000304;4,14166700;0,15839110
93,68000304;4,14166700;0,06866664
93,76000304;4,14166700;0,15839110
93,84000304;4,14166700;0,06866664
93,92000304;4,05194200;0,06866664
94,00000304;4,05194200;0,06866664
94,08000304;3,96221800;0,06866664
94,16000304;3,96221800;0,15839110
94,24000304;3,96221800;0,06866664
94,32000304;3,87279900;0,06866664
94,40000304;3,87279900;0,06866664
94,48000304;3,87279900;0,06866664
94,56000303;3,87279900;0,06866664
94,64000303;3,87279900;0,15839110
94,72000303;3,78307400;0,06866664
94,80000303;3,78307400;0,15839110
94,88000303;3,69365500;0,15839110
94,96000303;3,69365500;0,06866664
95,04000303;3,69365500;0,06866664
95,12000303;3,69365500;0,15839110
95,20000303;3,69365500;0,06866664
95,28000303;3,60393100;0,15839110
95,36000303;3,60393100;0,06866664
95,44000303;3,60393100;0,06866664
95,52000303;3,51420600;0,06866664
95,60000303;3,51420600;0,06866664
95,68000303;3,51420600;0,06866664
95,76000303;3,51420600;0,06866664
95,84000303;3,51420600;0,06866664
95,92000303;3,42478700;0,06866664
96,00000303;3,42478700;0,06866664
96,08000303;3,42478700;0,15839110
96,16000303;3,42478700;0,06866664
96,24000302;3,42478700;0,06866664
96,32000302;3,33506300;0,06866664
96,40000302;3,33506300;0,15839110
96,48000302;3,33506300;0,15839110
96,56000302;3,24533800;0,15839110
96,64000302;3,24533800;0,06866664
96,72000302;3,24533800;0,06866664
96,80000302;3,15591900;0,06866664
96,88000302;3,15591900;0,06866664
96,96000302;3,15591900;0,06866664
97,04000302;3,15591900;0,06866664
97,12000302;3,15591900;0,06866664
97,20000302;3,15591900;0,06866664
97,28000302;3,15591900;0,06866664
97,36000302;3,06619500;0,06866664
97,44000302;3,06619500;0,06866664
97,52000302;3,06619500;0,06866664
97,60000302;3,06619500;0,06866664
97,68000302;2,97647000;0,06866664
97,76000302;2,97647000;0,06866664
97,84000301;2,97647000;0,15839110
97,92000301;2,97647000;0,06866664
98,00000301;2,88705100;0,06866664
98,08000301;2,88705100;0,06866664
98,16000301;2,88705100;0,06866664
98,24000301;2,88705100;0,06866664
98,32000301;2,79732700;0,06866664
98,40000301;2,79732700;0,06866664
98,48000301;2,79732700;0,06866664
98,56000301;2,79732700;0,06866664
98,64000301;2,79732700;0,06866664
98,72000301;2,79732700;0,06866664
98,80000301;2,70790700;0,06866664
98,88000301;2,70790700;0,06866664
98,96000301;2,70790700;0,06866664
99,04000301;2,70790700;0,06866664
99,12000301;2,70790700;0,06866664
99,20000301;2,61818300;0,06866664
99,28000301;2,61818300;0,06866664
99,36000301;2,61818300;0,06866664
99,44000301;2,52845900;0,06866664
99,52000300;2,52845900;0,06866664
99,60000300;2,52845900;0,06866664
99,68000300;2,52845900;0,06866664
99,76000300;2,52845900;0,06866664
99,84000300;2,43903900;0,06866664
99,92000300;2,43903900;0,06866664
100,00000300;2,52845900;0,06866664
100,08000300;2,43903900;0,06866664
