Time,Channel A,Channel B
(us),(V),(V)

-100.15999578,1.00497400,-1.63304500
-100.07999578,1.00497400,-1.63304500
-99.99999578,1.00497400,-1.63304500
-99.91999578,1.00497400,-1.63304500
-99.83999578,1.00497400,-1.63304500
-99.75999578,1.00497400,-1.72277000
-99.67999578,1.00497400,-1.72277000
-99.59999579,1.00497400,-1.63304500
-99.51999579,1.00497400,-1.72277000
-99.43999579,1.00497400,-1.72277000
-99.35999579,1.00497400,-1.72277000
-99.27999579,0.91555530,-1.72277000
-99.19999579,0.91555530,-1.72277000
-99.11999579,0.91555530,-1.63304500
-99.03999579,0.91555530,-1.72277000
-98.95999579,0.91555530,-1.72277000
-98.87999579,0.91555530,-1.81218900
-98.79999579,0.91555530,-1.72277000
-98.71999579,0.91555530,-1.72277000
-98.63999579,0.91555530,-1.72277000
-98.55999579,0.91555530,-1.72277000
-98.47999579,0.82583090,-1.72277000
-98.39999579,0.91555530,-1.72277000
-98.31999579,0.82583090,-1.72277000
-98.23999579,0.91555530,-1.72277000
-98.15999579,0.82583090,-1.72277000
-98.07999579,0.91555530,-1.72277000
-97.99999579,0.82583090,-1.72277000
-97.91999580,0.91555530,-1.81218900
-97.83999580,0.82583090,-1.72277000
-97.75999580,0.82583090,-1.72277000
-97.67999580,0.82583090,-1.81218900
-97.59999580,0.82583090,-1.81218900
-97.51999580,0.82583090,-1.72277000
-97.43999580,0.82583090,-1.72277000
-97.35999580,0.82583090,-1.81218900
-97.27999580,0.82583090,-1.81218900
-97.19999580,0.82583090,-1.72277000
-97.11999580,0.82583090,-1.72277000
-97.03999580,0.73610650,-1.72277000
-96.95999580,0.73610650,-1.72277000
-96.87999580,0.82583090,-1.81218900
-96.79999580,0.73610650,-1.81218900
-96.71999580,0.73610650,-1.72277000
-96.63999580,0.73610650,-1.72277000
-96.55999580,0.73610650,-1.81218900
-96.47999580,0.73610650,-1.81218900
-96.39999580,0.73610650,-1.81218900
-96.31999581,0.73610650,-1.72277000
-96.23999581,0.73610650,-1.72277000
-96.15999581,0.64668720,-1.81218900
-96.07999581,0.73610650,-1.81218900
-95.99999581,0.73610650,-1.72277000
-95.91999581,0.73610650,-1.81218900
-95.83999581,0.73610650,-1.72277000
-95.75999581,0.73610650,-1.72277000
-95.67999581,0.64668720,-1.81218900
-95.59999581,0.64668720,-1.81218900
-95.51999581,0.64668720,-1.81218900
-95.43999581,0.64668720,-1.72277000
-95.35999581,0.64668720,-1.72277000
-95.27999581,0.64668720,-1.72277000
-95.19999581,0.64668720,-1.81218900
-95.11999581,0.64668720,-1.72277000
-95.03999581,0.64668720,-1.72277000
-94.95999581,0.64668720,-1.72277000
-94.87999581,0.64668720,-1.72277000
-94.79999581,0.64668720,-1.81218900
-94.71999581,0.64668720,-1.72277000
-94.63999582,0.64668720,-1.72277000
-94.55999582,0.64668720,-1.72277000
-94.47999582,0.64668720,-1.72277000
-94.39999582,0.64668720,-1.72277000
-94.31999582,0.64668720,-1.72277000
-94.23999582,0.64668720,-1.72277000
-94.15999582,0.64668720,-1.72277000
-94.07999582,0.64668720,-1.72277000
-93.99999582,0.64668720,-1.72277000
-93.91999582,0.64668720,-1.72277000
-93.83999582,0.64668720,-1.72277000
-93.75999582,0.64668720,-1.72277000
-93.67999582,0.55696280,-1.72277000
-93.59999582,0.55696280,-1.72277000
-93.51999582,0.64668720,-1.72277000
-93.43999582,0.55696280,-1.72277000
-93.35999582,0.55696280,-1.72277000
-93.27999582,0.55696280,-1.72277000
-93.19999582,0.55696280,-1.72277000
-93.11999582,0.55696280,-1.72277000
-93.03999582,0.55696280,-1.63304500
-92.95999583,0.55696280,-1.72277000
-92.87999583,0.55696280,-1.63304500
-92.79999583,0.55696280,-1.63304500
-92.71999583,0.55696280,-1.63304500
-92.63999583,0.55696280,-1.63304500
-92.55999583,0.55696280,-1.63304500
-92.47999583,0.55696280,-1.63304500
-92.39999583,0.55696280,-1.63304500
-92.31999583,0.55696280,-1.63304500
-92.23999583,0.55696280,-1.63304500
-92.15999583,0.55696280,-1.63304500
-92.07999583,0.55696280,-1.63304500
-91.99999583,0.55696280,-1.63304500
-91.91999583,0.55696280,-1.63304500
-91.83999583,0.46754360,-1.63304500
-91.75999583,0.46754360,-1.63304500
-91.67999583,0.55696280,-1.63304500
-91.59999583,0.46754360,-1.54362600
-91.51999583,0.55696280,-1.63304500
-91.43999583,0.46754360,-1.54362600
-91.35999584,0.46754360,-1.63304500
-91.27999584,0.55696280,-1.54362600
-91.19999584,0.55696280,-1.63304500
-91.11999584,0.55696280,-1.63304500
-91.03999584,0.55696280,-1.54362600
-90.95999584,0.64668720,-1.54362600
-90.87999584,0.64668720,-1.54362600
-90.79999584,0.73610650,-1.54362600
-90.71999584,0.73610650,-1.54362600
-90.63999584,0.82583090,-1.54362600
-90.55999584,0.91555530,-1.54362600
-90.47999584,0.91555530,-1.45390200
-90.39999584,1.00497400,-1.54362600
-90.31999584,1.00497400,-1.45390200
-90.23999584,1.00497400,-1.45390200
-90.15999584,1.09469900,-1.45390200
-90.07999584,1.09469900,-1.45390200
-89.99999584,1.18442300,-1.45390200
-89.91999584,1.18442300,-1.45390200
-89.83999584,1.18442300,-1.45390200
-89.75999584,1.27384300,-1.45390200
-89.67999585,1.36356700,-1.45390200
-89.59999585,1.36356700,-1.45390200
-89.51999585,1.36356700,-1.36448300
-89.43999585,1.36356700,-1.45390200
-89.35999585,1.45329100,-1.36448300
-89.27999585,1.45329100,-1.36448300
-89.19999585,1.45329100,-1.36448300
-89.11999585,1.54271100,-1.27475800
-89.03999585,1.54271100,-1.27475800
-88.95999585,1.54271100,-1.27475800
-88.87999585,1.63243500,-1.27475800
-88.79999585,1.63243500,-1.27475800
-88.71999585,1.63243500,-1.27475800
-88.63999585,1.72185400,-1.27475800
-88.55999585,1.72185400,-1.27475800
-88.47999585,1.72185400,-1.18503400
-88.39999585,1.72185400,-1.18503400
-88.31999585,1.81157900,-1.18503400
-88.23999585,1.81157900,-1.18503400
-88.15999585,1.90130300,-1.09561400
-88.07999586,1.90130300,-1.09561400
-87.99999586,1.90130300,-1.09561400
-87.91999586,1.99072200,-1.09561400
-87.83999586,1.99072200,-1.00589000
-87.75999586,1.99072200,-1.00589000
-87.67999586,2.08044700,-1.00589000
-87.59999586,2.08044700,-1.00589000
-87.51999586,2.08044700,-1.00589000
-87.43999586,2.08044700,-1.00589000
-87.35999586,2.08044700,-0.91647080
-87.27999586,2.08044700,-0.91647080
-87.19999586,2.17017100,-0.91647080
-87.11999586,2.17017100,-0.91647080
-87.03999586,2.25959000,-0.91647080
-86.95999586,2.25959000,-0.91647080
-86.87999586,2.25959000,-0.82674640
-86.79999586,2.34931500,-0.82674640
-86.71999586,2.34931500,-0.82674640
-86.63999586,2.34931500,-0.82674640
-86.55999586,2.34931500,-0.73732720
-86.47999586,2.43903900,-0.82674640
-86.39999587,2.43903900,-0.73732720
-86.31999587,2.43903900,-0.73732720
-86.23999587,2.43903900,-0.73732720
-86.15999587,2.43903900,-0.73732720
-86.07999587,2.52845900,-0.64760280
-85.99999587,2.61818300,-0.73732720
-85.91999587,2.61818300,-0.73732720
-85.83999587,2.61818300,-0.64760280
-85.75999587,2.61818300,-0.55818360
-85.67999587,2.70790700,-0.55818360
-85.59999587,2.70790700,-0.55818360
-85.51999587,2.70790700,-0.55818360
-85.43999587,2.70790700,-0.55818360
-85.35999587,2.70790700,-0.55818360
-85.27999587,2.79732700,-0.46876430
-85.19999587,2.79732700,-0.46876430
-85.11999587,2.79732700,-0.46876430
-85.03999587,2.88705100,-0.46876430
-84.95999587,2.79732700,-0.46876430
-84.87999587,2.88705100,-0.37903990
-84.79999588,2.88705100,-0.37903990
-84.71999588,2.88705100,-0.37903990
-84.63999588,2.97647000,-0.37903990
-84.55999588,2.97647000,-0.28962070
-84.47999588,2.97647000,-0.28962070
-84.39999588,2.97647000,-0.28962070
-84.31999588,3.06619500,-0.28962070
-84.23999588,3.06619500,-0.19989620
-84.15999588,3.06619500,-0.19989620
-84.07999588,3.06619500,-0.19989620
-83.99999588,3.06619500,-0.19989620
-83.91999588,3.06619500,-0.19989620
-83.83999588,3.15591900,-0.19989620
-83.75999588,3.15591900,-0.11047700
-83.67999588,3.15591900,-0.11047700
-83.59999588,3.15591900,-0.11047700
-83.51999588,3.15591900,-0.11047700
-83.43999588,3.15591900,-0.11047700
-83.35999588,3.15591900,-0.02075259
-83.27999588,3.24533800,-0.02075259
-83.19999588,3.24533800,-0.02075259
-83.11999589,3.24533800,-0.02075259
-83.03999589,3.33506300,-0.02075259
-82.95999589,3.33506300,-0.02075259
-82.87999589,3.33506300,0.06866664
-82.79999589,3.33506300,0.06866664
-82.71999589,3.33506300,0.06866664
-82.63999589,3.42478700,0.15839110
-82.55999589,3.42478700,0.15839110
-82.47999589,3.42478700,0.15839110
-82.39999589,3.42478700,0.15839110
-82.31999589,3.42478700,0.15839110
-82.23999589,3.51420600,0.15839110
-82.15999589,3.51420600,0.24811550
-82.07999589,3.51420600,0.24811550
-81.99999589,3.51420600,0.24811550
-81.91999589,3.51420600,0.33753470
-81.83999589,3.51420600,0.33753470
-81.75999589,3.60393100,0.33753470
-81.67999589,3.51420600,0.33753470
-81.59999589,3.60393100,0.33753470
-81.51999590,3.60393100,0.42725910
-81.43999590,3.60393100,0.42725910
-81.35999590,3.60393100,0.42725910
-81.27999590,3.69365500,0.42725910
-81.19999590,3.69365500,0.42725910
-81.11999590,3.69365500,0.42725910
-81.03999590,3.69365500,0.51667840
-80.95999590,3.69365500,0.51667840
-80.87999590,3.78307400,0.51667840
-80.79999590,3.69365500,0.51667840
-80.71999590,3.78307400,0.51667840
-80.63999590,3.78307400,0.60640280
-80.55999590,3.78307400,0.51667840
-80.47999590,3.78307400,0.60640280
-80.39999590,3.87279900,0.60640280
-80.31999590,3.87279900,0.69582200
-80.23999590,3.87279900,0.69582200
-80.15999590,3.87279900,0.69582200
-80.07999590,3.87279900,0.69582200
-79.99999590,3.87279900,0.69582200
-79.91999590,3.87279900,0.69582200
-79.83999591,3.87279900,0.78554640
-79.75999591,3.87279900,0.78554640
-79.67999591,3.87279900,0.78554640
-79.59999591,3.96221800,0.78554640
-79.51999591,3.96221800,0.87527080
-79.43999591,3.96221800,0.87527080
-79.35999591,3.96221800,0.87527080
-79.27999591,3.96221800,0.87527080
-79.19999591,3.96221800,0.87527080
-79.11999591,4.05194200,0.87527080
-79.03999591,4.05194200,0.87527080
-78.95999591,4.05194200,0.96469010
-78.87999591,4.05194200,0.96469010
-78.79999591,4.14166700,0.96469010
-78.71999591,4.14166700,0.96469010
-78.63999591,4.14166700,0.96469010
-78.55999591,4.14166700,0.96469010
-78.47999591,4.14166700,0.96469010
-78.39999591,4.14166700,1.05441500
-78.31999591,4.14166700,1.05441500
-78.23999591,4.14166700,1.05441500
-78.15999592,4.23108600,1.05441500
-78.07999592,4.23108600,1.05441500
-77.99999592,4.23108600,1.05441500
-77.91999592,4.23108600,1.14383400
-77.83999592,4.23108600,1.05441500
-77.75999592,4.23108600,1.14383400
-77.67999592,4.23108600,1.14383400
-77.59999592,4.23108600,1.14383400
-77.51999592,4.23108600,1.14383400
-77.43999592,4.23108600,1.14383400
-77.35999592,4.23108600,1.23355800
-77.27999592,4.32081100,1.23355800
-77.19999592,4.23108600,1.23355800
-77.11999592,4.32081100,1.23355800
-77.03999592,4.32081100,1.23355800
-76.95999592,4.32081100,1.23355800
-76.87999592,4.32081100,1.23355800
-76.79999592,4.32081100,1.32297700
-76.71999592,4.32081100,1.32297700
-76.63999592,4.32081100,1.32297700
-76.55999593,4.41053500,1.32297700
-76.47999593,4.41053500,1.32297700
-76.39999593,4.49995400,1.32297700
-76.31999593,4.41053500,1.32297700
-76.23999593,4.41053500,1.32297700
-76.15999593,4.41053500,1.32297700
-76.07999593,4.49995400,1.32297700
-75.99999593,4.49995400,1.32297700
-75.91999593,4.49995400,1.32297700
-75.83999593,4.49995400,1.41270200
-75.75999593,4.49995400,1.41270200
-75.67999593,4.49995400,1.41270200
-75.59999593,4.49995400,1.41270200
-75.51999593,4.49995400,1.41270200
-75.43999593,4.49995400,1.41270200
-75.35999593,4.49995400,1.50212100
-75.27999593,4.58967900,1.41270200
-75.19999593,4.58967900,1.50212100
-75.11999593,4.58967900,1.50212100
-75.03999593,4.58967900,1.50212100
-74.95999593,4.58967900,1.50212100
-74.87999594,4.58967900,1.50212100
-74.79999594,4.58967900,1.50212100
-74.71999594,4.58967900,1.50212100
-74.63999594,4.58967900,1.59184600
-74.55999594,4.58967900,1.59184600
-74.47999594,4.58967900,1.59184600
-74.39999594,4.67940300,1.59184600
-74.31999594,4.58967900,1.59184600
-74.23999594,4.58967900,1.59184600
-74.15999594,4.58967900,1.59184600
-74.07999594,4.67940300,1.59184600
-73.99999594,4.67940300,1.59184600
-73.91999594,4.67940300,1.59184600
-73.83999594,4.67940300,1.59184600
-73.75999594,4.67940300,1.68157000
-73.67999594,4.67940300,1.68157000
-73.59999594,4.76882200,1.59184600
-73.51999594,4.67940300,1.68157000
-73.43999594,4.76882200,1.59184600
-73.35999594,4.76882200,1.68157000
-73.27999595,4.76882200,1.59184600
-73.19999595,4.76882200,1.68157000
-73.11999595,4.76882200,1.68157000
-73.03999595,4.76882200,1.77098900
-72.95999595,4.76882200,1.68157000
-72.87999595,4.76882200,1.68157000
-72.79999595,4.76882200,1.77098900
-72.71999595,4.85854700,1.77098900
-72.63999595,4.85854700,1.68157000
-72.55999595,4.76882200,1.77098900
-72.47999595,4.85854700,1.77098900
-72.39999595,4.85854700,1.77098900
-72.31999595,4.85854700,1.77098900
-72.23999595,4.85854700,1.77098900
-72.15999595,4.85854700,1.77098900
-72.07999595,4.85854700,1.77098900
-71.99999595,4.85854700,1.77098900
-71.91999595,4.85854700,1.77098900
-71.83999595,4.85854700,1.77098900
-71.75999595,4.85854700,1.77098900
-71.67999595,4.85854700,1.77098900
-71.59999596,4.85854700,1.77098900
-71.51999596,4.94827100,1.77098900
-71.43999596,4.85854700,1.77098900
-71.35999596,4.94827100,1.77098900
-71.27999596,4.94827100,1.77098900
-71.19999596,4.94827100,1.77098900
-71.11999596,4.94827100,1.86071300
-71.03999596,4.94827100,1.77098900
-70.95999596,4.94827100,1.86071300
-70.87999596,4.94827100,1.86071300
-70.79999596,4.94827100,1.86071300
-70.71999596,4.94827100,1.86071300
-70.63999596,4.94827100,1.77098900
-70.55999596,4.94827100,1.86071300
-70.47999596,4.94827100,1.86071300
-70.39999596,4.94827100,1.86071300
-70.31999596,4.94827100,1.86071300
-70.23999596,4.94827100,1.77098900
-70.15999596,4.94827100,1.86071300
-70.07999596,4.94827100,1.86071300
-69.99999597,4.94827100,1.86071300
-69.91999597,5.03769000,1.86071300
-69.83999597,4.94827100,1.86071300
-69.75999597,5.03769000,1.86071300
-69.67999597,5.03769000,1.86071300
-69.59999597,5.03769000,1.77098900
-69.51999597,5.03769000,1.86071300
-69.43999597,5.03769000,1.86071300
-69.35999597,5.03769000,1.86071300
-69.27999597,5.03769000,1.86071300
-69.19999597,5.03769000,1.86071300
-69.11999597,5.03769000,1.86071300
-69.03999597,5.03769000,1.86071300
-68.95999597,5.03769000,1.77098900
-68.87999597,5.03769000,1.86071300
-68.79999597,5.12741500,1.86071300
-68.71999597,5.12741500,1.86071300
-68.63999597,5.12741500,1.86071300
-68.55999597,5.12741500,1.86071300
-68.47999597,5.03769000,1.86071300
-68.39999597,5.12741500,1.86071300
-68.31999598,5.12741500,1.86071300
-68.23999598,5.12741500,1.86071300
-68.15999598,5.12741500,1.86071300
-68.07999598,5.12741500,1.86071300
-67.99999598,5.12741500,1.86071300
-67.91999598,5.12741500,1.86071300
-67.83999598,5.12741500,1.86071300
-67.75999598,5.12741500,1.86071300
-67.67999598,5.21683400,1.86071300
-67.59999598,5.12741500,1.77098900
-67.51999598,5.12741500,1.86071300
-67.43999598,5.12741500,1.77098900
-67.35999598,5.21683400,1.86071300
-67.27999598,5.12741500,1.77098900
-67.19999598,5.12741500,1.77098900
-67.11999598,5.21683400,1.86071300
-67.03999598,5.21683400,1.77098900
-66.95999598,5.21683400,1.77098900
-66.87999598,5.21683400,1.77098900
-66.79999598,5.21683400,1.77098900
-66.71999598,5.21683400,1.77098900
-66.63999599,5.21683400,1.77098900
-66.55999599,5.21683400,1.77098900
-66.47999599,5.21683400,1.77098900
-66.39999599,5.21683400,1.77098900
-66.31999599,5.21683400,1.77098900
-66.23999599,5.30655900,1.77098900
-66.15999599,5.21683400,1.77098900
-66.07999599,5.21683400,1.77098900
-65.99999599,5.21683400,1.77098900
-65.91999599,5.21683400,1.77098900
-65.83999599,5.30655900,1.77098900
-65.75999599,5.30655900,1.77098900
-65.67999599,5.30655900,1.77098900
-65.59999599,5.30655900,1.77098900
-65.51999599,5.30655900,1.77098900
-65.43999599,5.30655900,1.77098900
-65.35999599,5.30655900,1.77098900
-65.27999599,5.30655900,1.77098900
-65.19999599,5.21683400,1.77098900
-65.11999599,5.30655900,1.68157000
-65.03999600,5.30655900,1.68157000
-64.95999600,5.30655900,1.68157000
-64.87999600,5.30655900,1.68157000
-64.79999600,5.30655900,1.77098900
-64.71999600,5.30655900,1.68157000
-64.63999600,5.30655900,1.68157000
-64.55999600,5.30655900,1.68157000
-64.47999600,5.30655900,1.68157000
-64.39999600,5.30655900,1.68157000
-64.31999600,5.30655900,1.59184600
-64.23999600,5.30655900,1.68157000
-64.15999600,5.30655900,1.68157000
-64.07999600,5.30655900,1.59184600
-63.99999600,5.30655900,1.68157000
-63.91999600,5.30655900,1.59184600
-63.83999600,5.30655900,1.68157000
-63.75999600,5.30655900,1.59184600
-63.67999600,5.30655900,1.59184600
-63.59999600,5.21683400,1.59184600
-63.51999600,5.21683400,1.59184600
-63.43999600,5.12741500,1.59184600
-63.35999601,5.03769000,1.59184600
-63.27999601,5.03769000,1.59184600
-63.19999601,4.94827100,1.59184600
-63.11999601,4.94827100,1.59184600
-63.03999601,4.85854700,1.59184600
-62.95999601,4.76882200,1.59184600
-62.87999601,4.76882200,1.50212100
-62.79999601,4.76882200,1.50212100
-62.71999601,4.76882200,1.50212100
-62.63999601,4.67940300,1.50212100
-62.55999601,4.58967900,1.50212100
-62.47999601,4.58967900,1.50212100
-62.39999601,4.58967900,1.50212100
-62.31999601,4.58967900,1.41270200
-62.23999601,4.49995400,1.41270200
-62.15999601,4.41053500,1.41270200
-62.07999601,4.41053500,1.41270200
-61.99999601,4.41053500,1.41270200
-61.91999601,4.32081100,1.41270200
-61.83999601,4.32081100,1.41270200
-61.75999602,4.32081100,1.41270200
-61.67999602,4.32081100,1.32297700
-61.59999602,4.23108600,1.32297700
-61.51999602,4.23108600,1.32297700
-61.43999602,4.23108600,1.32297700
-61.35999602,4.14166700,1.32297700
-61.27999602,4.14166700,1.32297700
-61.19999602,4.14166700,1.32297700
-61.11999602,4.05194200,1.32297700
-61.03999602,4.05194200,1.23355800
-60.95999602,3.96221800,1.23355800
-60.87999602,3.96221800,1.23355800
-60.79999602,3.96221800,1.23355800
-60.71999602,3.96221800,1.23355800
-60.63999602,3.87279900,1.23355800
-60.55999602,3.87279900,1.14383400
-60.47999602,3.87279900,1.14383400
-60.39999602,3.87279900,1.14383400
-60.31999602,3.78307400,1.14383400
-60.23999602,3.78307400,1.05441500
-60.15999602,3.78307400,1.05441500
-60.07999603,3.78307400,1.05441500
-59.99999603,3.69365500,1.05441500
-59.91999603,3.69365500,1.05441500
-59.83999603,3.69365500,0.96469010
-59.75999603,3.60393100,0.96469010
-59.67999603,3.51420600,0.96469010
-59.59999603,3.51420600,0.96469010
-59.51999603,3.51420600,0.96469010
-59.43999603,3.51420600,0.96469010
-59.35999603,3.51420600,0.87527080
-59.27999603,3.42478700,0.87527080
-59.19999603,3.51420600,0.87527080
-59.11999603,3.42478700,0.87527080
-59.03999603,3.42478700,0.87527080
-58.95999603,3.33506300,0.78554640
-58.87999603,3.42478700,0.78554640
-58.79999603,3.33506300,0.78554640
-58.71999603,3.33506300,0.69582200
-58.63999603,3.24533800,0.78554640
-58.55999603,3.24533800,0.69582200
-58.47999604,3.24533800,0.69582200
-58.39999604,3.24533800,0.69582200
-58.31999604,3.15591900,0.69582200
-58.23999604,3.15591900,0.69582200
-58.15999604,3.15591900,0.60640280
-58.07999604,3.15591900,0.60640280
-57.99999604,3.15591900,0.60640280
-57.91999604,3.06619500,0.60640280
-57.83999604,3.06619500,0.60640280
-57.75999604,3.06619500,0.51667840
-57.67999604,3.06619500,0.51667840
-57.59999604,3.06619500,0.51667840
-57.51999604,2.97647000,0.51667840
-57.43999604,2.97647000,0.51667840
-57.35999604,2.88705100,0.42725910
-57.27999604,2.88705100,0.42725910
-57.19999604,2.88705100,0.42725910
-57.11999604,2.88705100,0.33753470
-57.03999604,2.79732700,0.42725910
-56.95999604,2.79732700,0.33753470
-56.87999604,2.79732700,0.33753470
-56.79999605,2.79732700,0.33753470
-56.71999605,2.79732700,0.33753470
-56.63999605,2.79732700,0.24811550
-56.55999605,2.79732700,0.24811550
-56.47999605,2.70790700,0.24811550
-56.39999605,2.70790700,0.15839110
-56.31999605,2.70790700,0.24811550
-56.23999605,2.70790700,0.15839110
-56.15999605,2.61818300,0.15839110
-56.07999605,2.70790700,0.15839110
-55.99999605,2.70790700,0.15839110
-55.91999605,2.52845900,0.15839110
-55.83999605,2.61818300,0.06866664
-55.75999605,2.61818300,0.06866664
-55.67999605,2.61818300,-0.02075259
-55.59999605,2.52845900,-0.02075259
-55.51999605,2.52845900,-0.02075259
-55.43999605,2.52845900,-0.02075259
-55.35999605,2.43903900,-0.02075259
-55.27999605,2.43903900,-0.02075259
-55.19999605,2.43903900,-0.11047700
-55.11999606,2.43903900,-0.11047700
-55.03999606,2.43903900,-0.11047700
-54.95999606,2.34931500,-0.11047700
-54.87999606,2.34931500,-0.11047700
-54.79999606,2.34931500,-0.19989620
-54.71999606,2.34931500,-0.19989620
-54.63999606,2.34931500,-0.19989620
-54.55999606,2.34931500,-0.19989620
-54.47999606,2.34931500,-0.19989620
-54.39999606,2.25959000,-0.19989620
-54.31999606,2.25959000,-0.19989620
-54.23999606,2.25959000,-0.28962070
-54.15999606,2.17017100,-0.28962070
-54.07999606,2.17017100,-0.28962070
-53.99999606,2.17017100,-0.28962070
-53.91999606,2.17017100,-0.37903990
-53.83999606,2.17017100,-0.37903990
-53.75999606,2.17017100,-0.37903990
-53.67999606,2.17017100,-0.37903990
-53.59999606,2.08044700,-0.37903990
-53.51999607,2.08044700,-0.46876430
-53.43999607,2.08044700,-0.46876430
-53.35999607,2.08044700,-0.55818360
-53.27999607,2.08044700,-0.46876430
-53.19999607,2.08044700,-0.55818360
-53.11999607,1.99072200,-0.55818360
-53.03999607,2.08044700,-0.55818360
-52.95999607,1.99072200,-0.55818360
-52.87999607,1.99072200,-0.55818360
-52.79999607,1.99072200,-0.55818360
-52.71999607,1.99072200,-0.55818360
-52.63999607,1.90130300,-0.64760280
-52.55999607,1.99072200,-0.64760280
-52.47999607,1.90130300,-0.64760280
-52.39999607,1.90130300,-0.73732720
-52.31999607,1.90130300,-0.64760280
-52.23999607,1.90130300,-0.73732720
-52.15999607,1.81157900,-0.73732720
-52.07999607,1.81157900,-0.73732720
-51.99999607,1.81157900,-0.73732720
-51.91999607,1.81157900,-0.73732720
-51.83999608,1.81157900,-0.82674640
-51.75999608,1.81157900,-0.82674640
-51.67999608,1.81157900,-0.82674640
-51.59999608,1.72185400,-0.82674640
-51.51999608,1.72185400,-0.82674640
-51.43999608,1.72185400,-0.91647080
-51.35999608,1.72185400,-0.82674640
-51.27999608,1.72185400,-0.91647080
-51.19999608,1.72185400,-0.91647080
-51.11999608,1.72185400,-0.91647080
-51.03999608,1.72185400,-0.91647080
-50.95999608,1.72185400,-0.91647080
-50.87999608,1.63243500,-0.91647080
-50.79999608,1.63243500,-1.00589000
-50.71999608,1.63243500,-1.00589000
-50.63999608,1.63243500,-1.00589000
-50.55999608,1.63243500,-1.00589000
-50.47999608,1.63243500,-1.00589000
-50.39999608,1.63243500,-1.00589000
-50.31999608,1.63243500,-1.00589000
-50.23999609,1.63243500,-1.09561400
-50.15999609,1.54271100,-1.09561400
-50.07999609,1.54271100,-1.09561400
-49.99999609,1.54271100,-1.09561400
-49.91999609,1.54271100,-1.09561400
-49.83999609,1.54271100,-1.09561400
-49.75999609,1.54271100,-1.18503400
-49.67999609,1.54271100,-1.18503400
-49.59999609,1.45329100,-1.18503400
-49.51999609,1.45329100,-1.18503400
-49.43999609,1.45329100,-1.27475800
-49.35999609,1.45329100,-1.27475800
-49.27999609,1.45329100,-1.27475800
-49.19999609,1.45329100,-1.27475800
-49.11999609,1.45329100,-1.27475800
-49.03999609,1.45329100,-1.27475800
-48.95999609,1.45329100,-1.27475800
-48.87999609,1.36356700,-1.27475800
-48.79999609,1.36356700,-1.27475800
-48.71999609,1.36356700,-1.27475800
-48.63999609,1.36356700,-1.27475800
-48.55999610,1.36356700,-1.27475800
-48.47999610,1.36356700,-1.36448300
-48.39999610,1.36356700,-1.36448300
-48.31999610,1.36356700,-1.36448300
-48.23999610,1.36356700,-1.36448300
-48.15999610,1.27384300,-1.45390200
-48.07999610,1.27384300,-1.45390200
-47.99999610,1.27384300,-1.45390200
-47.91999610,1.36356700,-1.45390200
-47.83999610,1.27384300,-1.45390200
-47.75999610,1.27384300,-1.45390200
-47.67999610,1.27384300,-1.45390200
-47.59999610,1.27384300,-1.45390200
-47.51999610,1.27384300,-1.45390200
-47.43999610,1.27384300,-1.45390200
-47.35999610,1.27384300,-1.45390200
-47.27999610,1.27384300,-1.54362600
-47.19999610,1.27384300,-1.54362600
-47.11999610,1.18442300,-1.54362600
-47.03999610,1.18442300,-1.45390200
-46.95999611,1.18442300,-1.54362600
-46.87999611,1.18442300,-1.54362600
-46.79999611,1.18442300,-1.54362600
-46.71999611,1.18442300,-1.54362600
-46.63999611,1.18442300,-1.54362600
-46.55999611,1.09469900,-1.54362600
-46.47999611,1.09469900,-1.54362600
-46.39999611,1.09469900,-1.54362600
-46.31999611,1.09469900,-1.54362600
-46.23999611,1.09469900,-1.63304500
-46.15999611,1.09469900,-1.54362600
-46.07999611,1.09469900,-1.63304500
-45.99999611,1.09469900,-1.63304500
-45.91999611,1.09469900,-1.63304500
-45.83999611,1.00497400,-1.63304500
-45.75999611,1.00497400,-1.63304500
-45.67999611,1.00497400,-1.63304500
-45.59999611,1.00497400,-1.63304500
-45.51999611,1.00497400,-1.63304500
-45.43999611,1.00497400,-1.63304500
-45.35999611,1.00497400,-1.63304500
-45.27999612,1.00497400,-1.63304500
-45.19999612,1.00497400,-1.63304500
-45.11999612,1.00497400,-1.63304500
-45.03999612,1.00497400,-1.63304500
-44.95999612,1.00497400,-1.63304500
-44.87999612,1.00497400,-1.63304500
-44.79999612,1.00497400,-1.63304500
-44.71999612,1.00497400,-1.72277000
-44.63999612,1.00497400,-1.72277000
-44.55999612,1.00497400,-1.63304500
-44.47999612,1.00497400,-1.72277000
-44.39999612,0.91555530,-1.72277000
-44.31999612,1.00497400,-1.72277000
-44.23999612,0.91555530,-1.72277000
-44.15999612,0.91555530,-1.72277000
-44.07999612,0.91555530,-1.72277000
-43.99999612,0.91555530,-1.72277000
-43.91999612,0.91555530,-1.72277000
-43.83999612,0.91555530,-1.72277000
-43.75999612,0.91555530,-1.72277000
-43.67999612,0.91555530,-1.72277000
-43.59999613,0.91555530,-1.72277000
-43.51999613,0.91555530,-1.72277000
-43.43999613,0.91555530,-1.72277000
-43.35999613,0.82583090,-1.72277000
-43.27999613,0.82583090,-1.72277000
-43.19999613,0.91555530,-1.72277000
-43.11999613,0.91555530,-1.72277000
-43.03999613,0.82583090,-1.72277000
-42.95999613,0.82583090,-1.72277000
-42.87999613,0.82583090,-1.72277000
-42.79999613,0.82583090,-1.72277000
-42.71999613,0.82583090,-1.72277000
-42.63999613,0.82583090,-1.72277000
-42.55999613,0.73610650,-1.81218900
-42.47999613,0.73610650,-1.72277000
-42.39999613,0.82583090,-1.72277000
-42.31999613,0.73610650,-1.72277000
-42.23999613,0.82583090,-1.72277000
-42.15999613,0.73610650,-1.72277000
-42.07999613,0.73610650,-1.81218900
-41.99999614,0.82583090,-1.72277000
-41.91999614,0.73610650,-1.81218900
-41.83999614,0.73610650,-1.72277000
-41.75999614,0.73610650,-1.72277000
-41.67999614,0.73610650,-1.81218900
-41.59999614,0.73610650,-1.81218900
-41.51999614,0.73610650,-1.72277000
-41.43999614,0.73610650,-1.72277000
-41.35999614,0.73610650,-1.72277000
-41.27999614,0.73610650,-1.72277000
-41.19999614,0.73610650,-1.81218900
-41.11999614,0.73610650,-1.72277000
-41.03999614,0.64668720,-1.72277000
-40.95999614,0.73610650,-1.72277000
-40.87999614,0.64668720,-1.72277000
-40.79999614,0.64668720,-1.72277000
-40.71999614,0.64668720,-1.72277000
-40.63999614,0.64668720,-1.72277000
-40.55999614,0.64668720,-1.81218900
-40.47999614,0.64668720,-1.72277000
-40.39999614,0.64668720,-1.72277000
-40.31999615,0.64668720,-1.72277000
-40.23999615,0.64668720,-1.72277000
-40.15999615,0.64668720,-1.72277000
-40.07999615,0.64668720,-1.72277000
-39.99999615,0.64668720,-1.72277000
-39.91999615,0.64668720,-1.72277000
-39.83999615,0.64668720,-1.72277000
-39.75999615,0.64668720,-1.72277000
-39.67999615,0.64668720,-1.72277000
-39.59999615,0.64668720,-1.72277000
-39.51999615,0.64668720,-1.72277000
-39.43999615,0.64668720,-1.72277000
-39.35999615,0.64668720,-1.72277000
-39.27999615,0.64668720,-1.72277000
-39.19999615,0.64668720,-1.72277000
-39.11999615,0.64668720,-1.72277000
-39.03999615,0.55696280,-1.63304500
-38.95999615,0.64668720,-1.72277000
-38.87999615,0.55696280,-1.72277000
-38.79999615,0.55696280,-1.72277000
-38.71999616,0.55696280,-1.63304500
-38.63999616,0.55696280,-1.72277000
-38.55999616,0.55696280,-1.72277000
-38.47999616,0.55696280,-1.63304500
-38.39999616,0.55696280,-1.63304500
-38.31999616,0.55696280,-1.72277000
-38.23999616,0.55696280,-1.63304500
-38.15999616,0.55696280,-1.63304500
-38.07999616,0.55696280,-1.63304500
-37.99999616,0.55696280,-1.63304500
-37.91999616,0.55696280,-1.63304500
-37.83999616,0.55696280,-1.72277000
-37.75999616,0.55696280,-1.63304500
-37.67999616,0.55696280,-1.63304500
-37.59999616,0.55696280,-1.63304500
-37.51999616,0.55696280,-1.63304500
-37.43999616,0.55696280,-1.63304500
-37.35999616,0.55696280,-1.63304500
-37.27999616,0.55696280,-1.63304500
-37.19999616,0.55696280,-1.63304500
-37.11999616,0.55696280,-1.63304500
-37.03999617,0.55696280,-1.63304500
-36.95999617,0.46754360,-1.63304500
-36.87999617,0.55696280,-1.63304500
-36.79999617,0.46754360,-1.63304500
-36.71999617,0.55696280,-1.63304500
-36.63999617,0.55696280,-1.54362600
-36.55999617,0.46754360,-1.54362600
-36.47999617,0.46754360,-1.54362600
-36.39999617,0.55696280,-1.54362600
-36.31999617,0.55696280,-1.54362600
-36.23999617,0.64668720,-1.54362600
-36.15999617,0.64668720,-1.54362600
-36.07999617,0.64668720,-1.54362600
-35.99999617,0.73610650,-1.54362600
-35.91999617,0.82583090,-1.54362600
-35.83999617,0.82583090,-1.54362600
-35.75999617,0.91555530,-1.54362600
-35.67999617,1.00497400,-1.54362600
-35.59999617,1.00497400,-1.45390200
-35.51999617,1.00497400,-1.45390200
-35.43999618,1.09469900,-1.45390200
-35.35999618,1.09469900,-1.45390200
-35.27999618,1.18442300,-1.45390200
-35.19999618,1.18442300,-1.45390200
-35.11999618,1.27384300,-1.45390200
-35.03999618,1.27384300,-1.45390200
-34.95999618,1.27384300,-1.45390200
-34.87999618,1.36356700,-1.36448300
-34.79999618,1.36356700,-1.36448300
-34.71999618,1.36356700,-1.36448300
-34.63999618,1.36356700,-1.36448300
-34.55999618,1.45329100,-1.36448300
-34.47999618,1.45329100,-1.36448300
-34.39999618,1.45329100,-1.27475800
-34.31999618,1.54271100,-1.27475800
-34.23999618,1.54271100,-1.27475800
-34.15999618,1.54271100,-1.27475800
-34.07999618,1.63243500,-1.27475800
-33.99999618,1.63243500,-1.27475800
-33.91999618,1.72185400,-1.27475800
-33.83999618,1.72185400,-1.27475800
-33.75999619,1.72185400,-1.27475800
-33.67999619,1.72185400,-1.18503400
-33.59999619,1.81157900,-1.18503400
-33.51999619,1.81157900,-1.18503400
-33.43999619,1.90130300,-1.18503400
-33.35999619,1.90130300,-1.09561400
-33.27999619,1.90130300,-1.09561400
-33.19999619,1.90130300,-1.09561400
-33.11999619,1.99072200,-1.09561400
-33.03999619,1.99072200,-1.09561400
-32.95999619,1.99072200,-1.00589000
-32.87999619,1.99072200,-1.00589000
-32.79999619,2.08044700,-1.00589000
-32.71999619,2.08044700,-1.00589000
-32.63999619,2.08044700,-1.00589000
-32.55999619,2.08044700,-0.91647080
-32.47999619,2.17017100,-0.91647080
-32.39999619,2.17017100,-0.91647080
-32.31999619,2.17017100,-0.91647080
-32.23999619,2.25959000,-0.91647080
-32.15999619,2.25959000,-0.82674640
-32.07999620,2.25959000,-0.82674640
-31.99999620,2.34931500,-0.82674640
-31.91999620,2.34931500,-0.82674640
-31.83999620,2.34931500,-0.82674640
-31.75999620,2.43903900,-0.73732720
-31.67999620,2.43903900,-0.73732720
-31.59999620,2.43903900,-0.73732720
-31.51999620,2.43903900,-0.73732720
-31.43999620,2.52845900,-0.73732720
-31.35999620,2.43903900,-0.73732720
-31.27999620,2.52845900,-0.64760280
-31.19999620,2.61818300,-0.73732720
-31.11999620,2.61818300,-0.64760280
-31.03999620,2.61818300,-0.55818360
-30.95999620,2.61818300,-0.64760280
-30.87999620,2.70790700,-0.55818360
-30.79999620,2.70790700,-0.55818360
-30.71999620,2.70790700,-0.55818360
-30.63999620,2.70790700,-0.55818360
-30.55999620,2.79732700,-0.55818360
-30.47999621,2.79732700,-0.46876430
-30.39999621,2.79732700,-0.46876430
-30.31999621,2.79732700,-0.37903990
-30.23999621,2.79732700,-0.46876430
-30.15999621,2.88705100,-0.37903990
-30.07999621,2.79732700,-0.46876430
-29.99999621,2.88705100,-0.37903990
-29.91999621,2.88705100,-0.37903990
-29.83999621,2.97647000,-0.37903990
-29.75999621,2.97647000,-0.28962070
-29.67999621,2.97647000,-0.28962070
-29.59999621,2.97647000,-0.28962070
-29.51999621,2.97647000,-0.28962070
-29.43999621,3.06619500,-0.19989620
-29.35999621,3.06619500,-0.19989620
-29.27999621,3.06619500,-0.19989620
-29.19999621,3.06619500,-0.19989620
-29.11999621,3.15591900,-0.19989620
-29.03999621,3.15591900,-0.19989620
-28.95999621,3.15591900,-0.19989620
-28.87999621,3.15591900,-0.11047700
-28.79999622,3.15591900,-0.11047700
-28.71999622,3.15591900,-0.11047700
-28.63999622,3.24533800,-0.11047700
-28.55999622,3.24533800,-0.02075259
-28.47999622,3.24533800,-0.02075259
-28.39999622,3.24533800,-0.02075259
-28.31999622,3.24533800,0.06866664
-28.23999622,3.24533800,-0.02075259
-28.15999622,3.24533800,0.06866664
-28.07999622,3.33506300,0.06866664
-27.99999622,3.33506300,0.06866664
-27.91999622,3.42478700,0.06866664
-27.83999622,3.42478700,0.06866664
-27.75999622,3.42478700,0.15839110
-27.67999622,3.42478700,0.15839110
-27.59999622,3.42478700,0.15839110
-27.51999622,3.51420600,0.15839110
-27.43999622,3.51420600,0.24811550
-27.35999622,3.51420600,0.24811550
-27.27999622,3.51420600,0.24811550
-27.19999623,3.51420600,0.24811550
-27.11999623,3.51420600,0.33753470
-27.03999623,3.51420600,0.33753470
-26.95999623,3.51420600,0.33753470
-26.87999623,3.51420600,0.33753470
-26.79999623,3.60393100,0.33753470
-26.71999623,3.60393100,0.33753470
-26.63999623,3.69365500,0.33753470
-26.55999623,3.69365500,0.42725910
-26.47999623,3.69365500,0.42725910
-26.39999623,3.69365500,0.42725910
-26.31999623,3.69365500,0.51667840
-26.23999623,3.69365500,0.51667840
-26.15999623,3.69365500,0.51667840
-26.07999623,3.78307400,0.51667840
-25.99999623,3.78307400,0.51667840
-25.91999623,3.78307400,0.51667840
-25.83999623,3.87279900,0.51667840
-25.75999623,3.78307400,0.51667840
-25.67999623,3.78307400,0.60640280
-25.59999623,3.87279900,0.60640280
-25.51999624,3.78307400,0.60640280
-25.43999624,3.87279900,0.69582200
-25.35999624,3.87279900,0.60640280
-25.27999624,3.87279900,0.69582200
-25.19999624,3.87279900,0.69582200
-25.11999624,3.87279900,0.69582200
-25.03999624,3.87279900,0.69582200
-24.95999624,3.96221800,0.78554640
-24.87999624,3.96221800,0.78554640
-24.79999624,3.87279900,0.78554640
-24.71999624,3.96221800,0.78554640
-24.63999624,3.96221800,0.78554640
-24.55999624,3.96221800,0.78554640
-24.47999624,3.96221800,0.87527080
-24.39999624,3.96221800,0.87527080
-24.31999624,4.05194200,0.87527080
-24.23999624,4.05194200,0.96469010
-24.15999624,4.05194200,0.87527080
-24.07999624,4.05194200,0.87527080
-23.99999624,4.14166700,0.96469010
-23.91999625,4.05194200,0.96469010
-23.83999625,4.14166700,0.96469010
-23.75999625,4.14166700,0.96469010
-23.67999625,4.14166700,1.05441500
-23.59999625,4.14166700,1.05441500
-23.51999625,4.14166700,1.05441500
-23.43999625,4.14166700,1.05441500
-23.35999625,4.23108600,1.05441500
-23.27999625,4.23108600,1.05441500
-23.19999625,4.23108600,1.05441500
-23.11999625,4.23108600,1.14383400
-23.03999625,4.23108600,1.14383400
-22.95999625,4.23108600,1.14383400
-22.87999625,4.23108600,1.14383400
-22.79999625,4.23108600,1.14383400
-22.71999625,4.23108600,1.14383400
-22.63999625,4.23108600,1.14383400
-22.55999625,4.23108600,1.14383400
-22.47999625,4.32081100,1.23355800
-22.39999625,4.23108600,1.23355800
-22.31999625,4.32081100,1.23355800
-22.23999626,4.32081100,1.23355800
-22.15999626,4.32081100,1.23355800
-22.07999626,4.32081100,1.23355800
-21.99999626,4.32081100,1.23355800
-21.91999626,4.32081100,1.23355800
-21.83999626,4.41053500,1.23355800
-21.75999626,4.41053500,1.32297700
-21.67999626,4.41053500,1.32297700
-21.59999626,4.41053500,1.32297700
-21.51999626,4.41053500,1.32297700
-21.43999626,4.41053500,1.32297700
-21.35999626,4.49995400,1.32297700
-21.27999626,4.49995400,1.41270200
-21.19999626,4.49995400,1.32297700
-21.11999626,4.49995400,1.41270200
-21.03999626,4.49995400,1.41270200
-20.95999626,4.58967900,1.41270200
-20.87999626,4.49995400,1.41270200
-20.79999626,4.49995400,1.41270200
-20.71999626,4.49995400,1.41270200
-20.63999627,4.58967900,1.50212100
-20.55999627,4.49995400,1.41270200
-20.47999627,4.58967900,1.41270200
-20.39999627,4.58967900,1.41270200
-20.31999627,4.58967900,1.50212100
-20.23999627,4.58967900,1.50212100
-20.15999627,4.58967900,1.50212100
-20.07999627,4.58967900,1.50212100
-19.99999627,4.58967900,1.50212100
-19.91999627,4.58967900,1.50212100
-19.83999627,4.58967900,1.50212100
-19.75999627,4.58967900,1.50212100
-19.67999627,4.58967900,1.59184600
-19.59999627,4.58967900,1.59184600
-19.51999627,4.58967900,1.59184600
-19.43999627,4.58967900,1.59184600
-19.35999627,4.67940300,1.59184600
-19.27999627,4.67940300,1.59184600
-19.19999627,4.67940300,1.59184600
-19.11999627,4.67940300,1.59184600
-19.03999627,4.67940300,1.59184600
-18.95999628,4.67940300,1.59184600
-18.87999628,4.67940300,1.59184600
-18.79999628,4.67940300,1.68157000
-18.71999628,4.76882200,1.68157000
-18.63999628,4.76882200,1.68157000
-18.55999628,4.76882200,1.68157000
-18.47999628,4.76882200,1.68157000
-18.39999628,4.76882200,1.68157000
-18.31999628,4.76882200,1.68157000
-18.23999628,4.76882200,1.68157000
-18.15999628,4.76882200,1.68157000
-18.07999628,4.76882200,1.68157000
-17.99999628,4.85854700,1.77098900
-17.91999628,4.85854700,1.77098900
-17.83999628,4.85854700,1.77098900
-17.75999628,4.85854700,1.77098900
-17.67999628,4.85854700,1.68157000
-17.59999628,4.85854700,1.68157000
-17.51999628,4.85854700,1.77098900
-17.43999628,4.85854700,1.77098900
-17.35999628,4.76882200,1.77098900
-17.27999629,4.85854700,1.77098900
-17.19999629,4.85854700,1.77098900
-17.11999629,4.85854700,1.77098900
-17.03999629,4.85854700,1.77098900
-16.95999629,4.85854700,1.77098900
-16.87999629,4.85854700,1.77098900
-16.79999629,4.94827100,1.77098900
-16.71999629,4.85854700,1.77098900
-16.63999629,4.94827100,1.77098900
-16.55999629,4.94827100,1.77098900
-16.47999629,4.94827100,1.77098900
-16.39999629,4.94827100,1.77098900
-16.31999629,4.94827100,1.77098900
-16.23999629,4.94827100,1.77098900
-16.15999629,4.94827100,1.86071300
-16.07999629,4.94827100,1.77098900
-15.99999629,4.94827100,1.77098900
-15.91999629,4.94827100,1.86071300
-15.83999629,4.94827100,1.77098900
-15.75999629,4.94827100,1.86071300
-15.67999630,4.94827100,1.77098900
-15.59999630,4.94827100,1.86071300
-15.51999630,4.94827100,1.77098900
-15.43999630,4.94827100,1.86071300
-15.35999630,5.03769000,1.86071300
-15.27999630,5.03769000,1.86071300
-15.19999630,5.03769000,1.77098900
-15.11999630,4.94827100,1.86071300
-15.03999630,5.03769000,1.86071300
-14.95999630,5.03769000,1.86071300
-14.87999630,5.03769000,1.86071300
-14.79999630,5.03769000,1.86071300
-14.71999630,5.03769000,1.86071300
-14.63999630,5.03769000,1.86071300
-14.55999630,5.03769000,1.86071300
-14.47999630,5.03769000,1.86071300
-14.39999630,5.03769000,1.86071300
-14.31999630,5.03769000,1.86071300
-14.23999630,5.03769000,1.86071300
-14.15999630,5.12741500,1.77098900
-14.07999630,5.03769000,1.77098900
-13.99999631,5.12741500,1.77098900
-13.91999631,5.03769000,1.77098900
-13.83999631,5.03769000,1.86071300
-13.75999631,5.12741500,1.77098900
-13.67999631,5.12741500,1.86071300
-13.59999631,5.12741500,1.86071300
-13.51999631,5.12741500,1.86071300
-13.43999631,5.12741500,1.77098900
-13.35999631,5.12741500,1.86071300
-13.27999631,5.12741500,1.86071300
-13.19999631,5.21683400,1.86071300
-13.11999631,5.12741500,1.86071300
-13.03999631,5.12741500,1.77098900
-12.95999631,5.12741500,1.86071300
-12.87999631,5.12741500,1.77098900
-12.79999631,5.12741500,1.77098900
-12.71999631,5.12741500,1.86071300
-12.63999631,5.21683400,1.86071300
-12.55999631,5.21683400,1.86071300
-12.47999631,5.21683400,1.77098900
-12.39999632,5.21683400,1.77098900
-12.31999632,5.21683400,1.77098900
-12.23999632,5.21683400,1.77098900
-12.15999632,5.21683400,1.86071300
-12.07999632,5.21683400,1.77098900
-11.99999632,5.21683400,1.77098900
-11.91999632,5.21683400,1.77098900
-11.83999632,5.21683400,1.77098900
-11.75999632,5.21683400,1.77098900
-11.67999632,5.21683400,1.77098900
-11.59999632,5.21683400,1.77098900
-11.51999632,5.21683400,1.77098900
-11.43999632,5.21683400,1.77098900
-11.35999632,5.21683400,1.77098900
-11.27999632,5.30655900,1.77098900
-11.19999632,5.21683400,1.77098900
-11.11999632,5.21683400,1.77098900
-11.03999632,5.21683400,1.77098900
-10.95999632,5.21683400,1.77098900
-10.87999632,5.30655900,1.77098900
-10.79999632,5.21683400,1.68157000
-10.71999633,5.30655900,1.77098900
-10.63999633,5.30655900,1.77098900
-10.55999633,5.30655900,1.77098900
-10.47999633,5.30655900,1.77098900
-10.39999633,5.21683400,1.77098900
-10.31999633,5.30655900,1.68157000
-10.23999633,5.30655900,1.68157000
-10.15999633,5.30655900,1.68157000
-10.07999633,5.30655900,1.68157000
-9.99999633,5.30655900,1.68157000
-9.91999633,5.30655900,1.68157000
-9.83999633,5.30655900,1.68157000
-9.75999633,5.30655900,1.68157000
-9.67999633,5.30655900,1.68157000
-9.59999633,5.30655900,1.59184600
-9.51999633,5.30655900,1.68157000
-9.43999633,5.30655900,1.68157000
-9.35999633,5.30655900,1.68157000
-9.27999633,5.30655900,1.68157000
-9.19999633,5.30655900,1.59184600
-9.11999634,5.30655900,1.59184600
-9.03999634,5.30655900,1.59184600
-8.95999634,5.30655900,1.59184600
-8.87999634,5.30655900,1.59184600
-8.79999634,5.21683400,1.59184600
-8.71999634,5.12741500,1.59184600
-8.63999634,5.12741500,1.59184600
-8.55999634,5.03769000,1.59184600
-8.47999634,4.94827100,1.59184600
-8.39999634,4.94827100,1.59184600
-8.31999634,4.85854700,1.59184600
-8.23999634,4.85854700,1.50212100
-8.15999634,4.85854700,1.50212100
-8.07999634,4.76882200,1.50212100
-7.99999634,4.76882200,1.50212100
-7.91999634,4.67940300,1.50212100
-7.83999634,4.67940300,1.50212100
-7.75999634,4.58967900,1.50212100
-7.67999634,4.58967900,1.50212100
-7.59999634,4.58967900,1.41270200
-7.51999634,4.58967900,1.41270200
-7.43999635,4.49995400,1.41270200
-7.35999635,4.49995400,1.41270200
-7.27999635,4.41053500,1.41270200
-7.19999635,4.41053500,1.41270200
-7.11999635,4.32081100,1.41270200
-7.03999635,4.32081100,1.32297700
-6.95999635,4.32081100,1.32297700
-6.87999635,4.32081100,1.32297700
-6.79999635,4.23108600,1.32297700
-6.71999635,4.23108600,1.32297700
-6.63999635,4.23108600,1.32297700
-6.55999635,4.23108600,1.32297700
-6.47999635,4.14166700,1.23355800
-6.39999635,4.14166700,1.32297700
-6.31999635,4.05194200,1.23355800
-6.23999635,4.05194200,1.23355800
-6.15999635,4.05194200,1.23355800
-6.07999635,3.96221800,1.23355800
-5.99999635,3.96221800,1.23355800
-5.91999635,3.87279900,1.14383400
-5.83999635,3.87279900,1.14383400
-5.75999636,3.87279900,1.14383400
-5.67999636,3.78307400,1.14383400
-5.59999636,3.87279900,1.14383400
-5.51999636,3.78307400,1.05441500
-5.43999636,3.78307400,1.05441500
-5.35999636,3.69365500,1.05441500
-5.27999636,3.69365500,1.05441500
-5.19999636,3.69365500,1.05441500
-5.11999636,3.69365500,0.96469010
-5.03999636,3.69365500,0.96469010
-4.95999636,3.60393100,0.96469010
-4.87999636,3.51420600,0.96469010
-4.79999636,3.51420600,0.96469010
-4.71999636,3.51420600,0.87527080
-4.63999636,3.51420600,0.87527080
-4.55999636,3.51420600,0.96469010
-4.47999636,3.51420600,0.87527080
-4.39999636,3.42478700,0.87527080
-4.31999636,3.42478700,0.87527080
-4.23999636,3.42478700,0.78554640
-4.15999637,3.33506300,0.78554640
-4.07999637,3.33506300,0.78554640
-3.99999637,3.33506300,0.78554640
-3.91999637,3.33506300,0.78554640
-3.83999637,3.33506300,0.69582200
-3.75999637,3.24533800,0.69582200
-3.67999637,3.24533800,0.69582200
-3.59999637,3.15591900,0.69582200
-3.51999637,3.15591900,0.69582200
-3.43999637,3.15591900,0.60640280
-3.35999637,3.15591900,0.60640280
-3.27999637,3.15591900,0.60640280
-3.19999637,3.15591900,0.60640280
-3.11999637,3.06619500,0.51667840
-3.03999637,3.06619500,0.51667840
-2.95999637,3.06619500,0.51667840
-2.87999637,2.97647000,0.51667840
-2.79999637,3.06619500,0.51667840
-2.71999637,2.97647000,0.42725910
-2.63999637,2.97647000,0.51667840
-2.55999637,2.88705100,0.42725910
-2.47999638,2.88705100,0.42725910
-2.39999638,2.88705100,0.42725910
-2.31999638,2.88705100,0.33753470
-2.23999638,2.79732700,0.33753470
-2.15999638,2.79732700,0.33753470
-2.07999638,2.79732700,0.33753470
-1.99999638,2.79732700,0.33753470
-1.91999638,2.79732700,0.33753470
-1.83999638,2.79732700,0.24811550
-1.75999638,2.70790700,0.24811550
-1.67999638,2.70790700,0.15839110
-1.59999638,2.70790700,0.24811550
-1.51999638,2.70790700,0.15839110
-1.43999638,2.70790700,0.15839110
-1.35999638,2.61818300,0.15839110
-1.27999638,2.61818300,0.06866664
-1.19999638,2.61818300,0.06866664
-1.11999638,2.61818300,0.06866664
-1.03999638,2.61818300,0.06866664
-0.95999638,2.61818300,0.06866664
-0.87999639,2.52845900,-0.02075259
-0.79999639,2.52845900,-0.02075259
-0.71999639,2.43903900,-0.02075259
-0.63999639,2.43903900,-0.02075259
-0.55999639,2.43903900,-0.02075259
-0.47999639,2.43903900,-0.11047700
-0.39999639,2.43903900,-0.11047700
-0.31999639,2.43903900,-0.11047700
-0.23999639,2.43903900,-0.11047700
-0.15999639,2.34931500,-0.19989620
-0.07999639,2.34931500,-0.11047700
0.00000361,2.34931500,-0.19989620
0.08000361,2.34931500,-0.19989620
0.16000361,2.34931500,-0.19989620
0.24000361,2.34931500,-0.19989620
0.32000361,2.25959000,-0.28962070
0.40000361,2.25959000,-0.19989620
0.48000361,2.25959000,-0.28962070
0.56000361,2.25959000,-0.28962070
0.64000361,2.25959000,-0.28962070
0.72000361,2.17017100,-0.28962070
0.80000360,2.17017100,-0.37903990
0.88000360,2.17017100,-0.37903990
0.96000360,2.17017100,-0.37903990
1.04000360,2.17017100,-0.37903990
1.12000360,2.08044700,-0.37903990
1.20000360,2.08044700,-0.46876430
1.28000360,2.08044700,-0.46876430
1.36000360,2.08044700,-0.46876430
1.44000360,2.08044700,-0.55818360
1.52000360,2.08044700,-0.55818360
1.60000360,2.08044700,-0.55818360
1.68000360,2.08044700,-0.55818360
1.76000360,1.99072200,-0.55818360
1.84000360,1.99072200,-0.55818360
1.92000360,1.99072200,-0.55818360
2.00000360,1.99072200,-0.55818360
2.08000360,1.90130300,-0.64760280
2.16000360,1.90130300,-0.64760280
2.24000360,1.90130300,-0.64760280
2.32000360,1.90130300,-0.64760280
2.40000359,1.90130300,-0.73732720
2.48000359,1.90130300,-0.73732720
2.56000359,1.90130300,-0.73732720
2.64000359,1.81157900,-0.73732720
2.72000359,1.81157900,-0.73732720
2.80000359,1.81157900,-0.82674640
2.88000359,1.72185400,-0.82674640
2.96000359,1.81157900,-0.82674640
3.04000359,1.72185400,-0.82674640
3.12000359,1.72185400,-0.82674640
3.20000359,1.72185400,-0.91647080
3.28000359,1.72185400,-0.91647080
3.36000359,1.72185400,-0.91647080
3.44000359,1.72185400,-0.82674640
3.52000359,1.72185400,-0.91647080
3.60000359,1.72185400,-0.91647080
3.68000359,1.72185400,-0.91647080
3.76000359,1.72185400,-0.91647080
3.84000359,1.63243500,-1.00589000
3.92000359,1.72185400,-0.91647080
4.00000359,1.63243500,-1.00589000
4.08000358,1.63243500,-1.00589000
4.16000358,1.63243500,-1.00589000
4.24000358,1.63243500,-1.00589000
4.32000358,1.63243500,-1.00589000
4.40000358,1.63243500,-1.09561400
4.48000358,1.54271100,-1.00589000
4.56000358,1.54271100,-1.09561400
4.64000358,1.54271100,-1.09561400
4.72000358,1.54271100,-1.09561400
4.80000358,1.54271100,-1.09561400
4.88000358,1.54271100,-1.18503400
4.96000358,1.54271100,-1.09561400
5.04000358,1.54271100,-1.18503400
5.12000358,1.54271100,-1.18503400
5.20000358,1.45329100,-1.18503400
5.28000358,1.45329100,-1.18503400
5.36000358,1.45329100,-1.27475800
5.44000358,1.45329100,-1.18503400
5.52000358,1.45329100,-1.27475800
5.60000358,1.36356700,-1.27475800
5.68000358,1.45329100,-1.27475800
5.76000357,1.36356700,-1.27475800
5.84000357,1.36356700,-1.27475800
5.92000357,1.36356700,-1.36448300
6.00000357,1.36356700,-1.27475800
6.08000357,1.36356700,-1.27475800
6.16000357,1.36356700,-1.27475800
6.24000357,1.36356700,-1.45390200
6.32000357,1.36356700,-1.36448300
6.40000357,1.36356700,-1.36448300
6.48000357,1.36356700,-1.36448300
6.56000357,1.36356700,-1.45390200
6.64000357,1.36356700,-1.45390200
6.72000357,1.27384300,-1.45390200
6.80000357,1.27384300,-1.45390200
6.88000357,1.27384300,-1.45390200
6.96000357,1.27384300,-1.45390200
7.04000357,1.27384300,-1.45390200
7.12000357,1.27384300,-1.45390200
7.20000357,1.27384300,-1.45390200
7.28000357,1.27384300,-1.45390200
7.36000356,1.27384300,-1.45390200
7.44000356,1.27384300,-1.45390200
7.52000356,1.27384300,-1.54362600
7.60000356,1.18442300,-1.45390200
7.68000356,1.18442300,-1.54362600
7.76000356,1.18442300,-1.54362600
7.84000356,1.18442300,-1.54362600
7.92000356,1.27384300,-1.54362600
8.00000356,1.18442300,-1.54362600
8.08000356,1.18442300,-1.54362600
8.16000356,1.09469900,-1.54362600
8.24000356,1.09469900,-1.54362600
8.32000356,1.09469900,-1.54362600
8.40000356,1.09469900,-1.54362600
8.48000356,1.09469900,-1.63304500
8.56000356,1.09469900,-1.63304500
8.64000356,1.09469900,-1.63304500
8.72000356,1.09469900,-1.63304500
8.80000356,1.09469900,-1.63304500
8.88000356,1.00497400,-1.63304500
8.96000356,1.00497400,-1.63304500
9.04000355,1.00497400,-1.63304500
9.12000355,1.00497400,-1.63304500
9.20000355,1.00497400,-1.63304500
9.28000355,1.00497400,-1.63304500
9.36000355,1.00497400,-1.63304500
9.44000355,1.00497400,-1.63304500
9.52000355,1.00497400,-1.63304500
9.60000355,1.00497400,-1.72277000
9.68000355,1.00497400,-1.63304500
9.76000355,1.00497400,-1.72277000
9.84000355,1.00497400,-1.63304500
9.92000355,1.00497400,-1.72277000
10.00000355,1.00497400,-1.72277000
10.08000355,1.00497400,-1.72277000
10.16000355,1.00497400,-1.72277000
10.24000355,1.00497400,-1.63304500
10.32000355,0.91555530,-1.63304500
10.40000355,0.91555530,-1.72277000
10.48000355,0.91555530,-1.72277000
10.56000355,1.00497400,-1.72277000
10.64000354,0.91555530,-1.72277000
10.72000354,0.91555530,-1.72277000
10.80000354,0.91555530,-1.72277000
10.88000354,0.91555530,-1.72277000
10.96000354,0.91555530,-1.72277000
11.04000354,0.91555530,-1.72277000
11.12000354,0.91555530,-1.72277000
11.20000354,0.91555530,-1.72277000
11.28000354,0.91555530,-1.72277000
11.36000354,0.82583090,-1.72277000
11.44000354,0.91555530,-1.72277000
11.52000354,0.82583090,-1.72277000
11.60000354,0.82583090,-1.72277000
11.68000354,0.82583090,-1.72277000
11.76000354,0.82583090,-1.72277000
11.84000354,0.82583090,-1.72277000
11.92000354,0.82583090,-1.72277000
12.00000354,0.82583090,-1.72277000
12.08000354,0.82583090,-1.72277000
12.16000354,0.82583090,-1.72277000
12.24000354,0.73610650,-1.72277000
12.32000353,0.82583090,-1.81218900
12.40000353,0.82583090,-1.72277000
12.48000353,0.73610650,-1.72277000
12.56000353,0.73610650,-1.72277000
12.64000353,0.73610650,-1.81218900
12.72000353,0.73610650,-1.81218900
12.80000353,0.73610650,-1.81218900
12.88000353,0.73610650,-1.81218900
12.96000353,0.73610650,-1.81218900
13.04000353,0.73610650,-1.81218900
13.12000353,0.73610650,-1.81218900
13.20000353,0.73610650,-1.81218900
13.28000353,0.73610650,-1.72277000
13.36000353,0.73610650,-1.72277000
13.44000353,0.64668720,-1.72277000
13.52000353,0.73610650,-1.72277000
13.60000353,0.73610650,-1.72277000
13.68000353,0.73610650,-1.81218900
13.76000353,0.64668720,-1.81218900
13.84000353,0.73610650,-1.81218900
13.92000352,0.64668720,-1.81218900
14.00000352,0.64668720,-1.72277000
14.08000352,0.64668720,-1.72277000
14.16000352,0.64668720,-1.81218900
14.24000352,0.64668720,-1.81218900
14.32000352,0.64668720,-1.72277000
14.40000352,0.64668720,-1.72277000
14.48000352,0.64668720,-1.72277000
14.56000352,0.64668720,-1.72277000
14.64000352,0.64668720,-1.72277000
14.72000352,0.64668720,-1.81218900
14.80000352,0.64668720,-1.72277000
14.88000352,0.64668720,-1.72277000
14.96000352,0.64668720,-1.72277000
15.04000352,0.64668720,-1.72277000
15.12000352,0.64668720,-1.72277000
15.20000352,0.64668720,-1.72277000
15.28000352,0.64668720,-1.72277000
15.36000352,0.64668720,-1.72277000
15.44000352,0.64668720,-1.72277000
15.52000352,0.64668720,-1.72277000
15.60000351,0.64668720,-1.72277000
15.68000351,0.64668720,-1.72277000
15.76000351,0.64668720,-1.63304500
15.84000351,0.64668720,-1.72277000
15.92000351,0.64668720,-1.72277000
16.00000351,0.64668720,-1.63304500
16.08000351,0.55696280,-1.72277000
16.16000351,0.55696280,-1.72277000
16.24000351,0.55696280,-1.72277000
16.32000351,0.55696280,-1.63304500
16.40000351,0.55696280,-1.63304500
16.48000351,0.55696280,-1.72277000
16.56000351,0.55696280,-1.63304500
16.64000351,0.55696280,-1.72277000
16.72000351,0.55696280,-1.63304500
16.80000351,0.55696280,-1.63304500
16.88000351,0.55696280,-1.63304500
16.96000351,0.55696280,-1.63304500
17.04000351,0.64668720,-1.63304500
17.12000351,0.55696280,-1.63304500
17.20000351,0.55696280,-1.63304500
17.28000350,0.55696280,-1.63304500
17.36000350,0.55696280,-1.63304500
17.44000350,0.55696280,-1.63304500
17.52000350,0.55696280,-1.63304500
17.60000350,0.55696280,-1.63304500
17.68000350,0.55696280,-1.63304500
17.76000350,0.55696280,-1.63304500
17.84000350,0.55696280,-1.54362600
17.92000350,0.55696280,-1.63304500
18.00000350,0.46754360,-1.54362600
18.08000350,0.46754360,-1.63304500
18.16000350,0.55696280,-1.63304500
18.24000350,0.46754360,-1.63304500
18.32000350,0.46754360,-1.63304500
18.40000350,0.55696280,-1.54362600
18.48000350,0.55696280,-1.54362600
18.56000350,0.64668720,-1.54362600
18.64000350,0.64668720,-1.54362600
18.72000350,0.73610650,-1.54362600
18.80000350,0.73610650,-1.54362600
18.88000349,0.82583090,-1.54362600
18.96000349,0.91555530,-1.54362600
19.04000349,1.00497400,-1.54362600
19.12000349,1.00497400,-1.45390200
19.20000349,1.00497400,-1.45390200
19.28000349,1.09469900,-1.45390200
19.36000349,1.09469900,-1.45390200
19.44000349,1.09469900,-1.45390200
19.52000349,1.18442300,-1.45390200
19.60000349,1.18442300,-1.45390200
19.68000349,1.27384300,-1.45390200
19.76000349,1.27384300,-1.45390200
19.84000349,1.36356700,-1.36448300
19.92000349,1.36356700,-1.45390200
20.00000349,1.36356700,-1.45390200
20.08000349,1.36356700,-1.36448300
20.16000349,1.45329100,-1.36448300
20.24000349,1.45329100,-1.36448300
20.32000349,1.45329100,-1.36448300
20.40000349,1.54271100,-1.36448300
20.48000349,1.54271100,-1.27475800
20.56000348,1.63243500,-1.27475800
20.64000348,1.63243500,-1.27475800
20.72000348,1.63243500,-1.27475800
20.80000348,1.72185400,-1.27475800
20.88000348,1.72185400,-1.27475800
20.96000348,1.72185400,-1.18503400
21.04000348,1.72185400,-1.18503400
21.12000348,1.72185400,-1.18503400
21.20000348,1.81157900,-1.18503400
21.28000348,1.81157900,-1.09561400
21.36000348,1.90130300,-1.18503400
21.44000348,1.90130300,-1.09561400
21.52000348,1.90130300,-1.09561400
21.60000348,1.99072200,-1.09561400
21.68000348,1.99072200,-1.09561400
21.76000348,1.99072200,-1.00589000
21.84000348,1.99072200,-1.09561400
21.92000348,2.08044700,-1.00589000
22.00000348,2.08044700,-1.00589000
22.08000348,2.08044700,-0.91647080
22.16000347,2.08044700,-1.00589000
22.24000347,2.08044700,-0.91647080
22.32000347,2.17017100,-0.91647080
22.40000347,2.25959000,-0.91647080
22.48000347,2.25959000,-0.91647080
22.56000347,2.25959000,-0.91647080
22.64000347,2.34931500,-0.91647080
22.72000347,2.34931500,-0.82674640
22.80000347,2.34931500,-0.82674640
22.88000347,2.34931500,-0.82674640
22.96000347,2.34931500,-0.82674640
23.04000347,2.43903900,-0.73732720
23.12000347,2.43903900,-0.73732720
23.20000347,2.43903900,-0.73732720
23.28000347,2.43903900,-0.73732720
23.36000347,2.43903900,-0.73732720
23.44000347,2.52845900,-0.73732720
23.52000347,2.52845900,-0.64760280
23.60000347,2.61818300,-0.64760280
23.68000347,2.52845900,-0.64760280
23.76000347,2.61818300,-0.64760280
23.84000346,2.70790700,-0.55818360
23.92000346,2.70790700,-0.55818360
24.00000346,2.70790700,-0.55818360
24.08000346,2.70790700,-0.55818360
24.16000346,2.70790700,-0.55818360
24.24000346,2.79732700,-0.55818360
24.32000346,2.79732700,-0.46876430
24.40000346,2.79732700,-0.46876430
24.48000346,2.79732700,-0.46876430
24.56000346,2.79732700,-0.46876430
24.64000346,2.79732700,-0.37903990
24.72000346,2.88705100,-0.37903990
24.80000346,2.88705100,-0.37903990
24.88000346,2.88705100,-0.37903990
24.96000346,2.97647000,-0.28962070
25.04000346,2.97647000,-0.28962070
25.12000346,2.97647000,-0.28962070
25.20000346,3.06619500,-0.28962070
25.28000346,3.06619500,-0.28962070
25.36000346,3.06619500,-0.19989620
25.44000345,3.06619500,-0.19989620
25.52000345,3.06619500,-0.19989620
25.60000345,3.15591900,-0.19989620
25.68000345,3.15591900,-0.19989620
25.76000345,3.15591900,-0.11047700
25.84000345,3.15591900,-0.11047700
25.92000345,3.15591900,-0.11047700
26.00000345,3.15591900,-0.11047700
26.08000345,3.15591900,-0.11047700
26.16000345,3.24533800,-0.02075259
26.24000345,3.24533800,-0.11047700
26.32000345,3.24533800,-0.02075259
26.40000345,3.24533800,-0.02075259
26.48000345,3.33506300,-0.02075259
26.56000345,3.24533800,-0.02075259
26.64000345,3.33506300,0.06866664
26.72000345,3.33506300,0.06866664
26.80000345,3.33506300,0.06866664
26.88000345,3.42478700,0.06866664
26.96000345,3.42478700,0.15839110
27.04000345,3.42478700,0.15839110
27.12000344,3.42478700,0.15839110
27.20000344,3.42478700,0.15839110
27.28000344,3.51420600,0.15839110
27.36000344,3.51420600,0.15839110
27.44000344,3.51420600,0.24811550
27.52000344,3.51420600,0.24811550
27.60000344,3.51420600,0.33753470
27.68000344,3.51420600,0.33753470
27.76000344,3.51420600,0.33753470
27.84000344,3.60393100,0.33753470
27.92000344,3.60393100,0.33753470
28.00000344,3.60393100,0.33753470
28.08000344,3.60393100,0.33753470
28.16000344,3.60393100,0.42725910
28.24000344,3.60393100,0.42725910
28.32000344,3.69365500,0.42725910
28.40000344,3.69365500,0.51667840
28.48000344,3.69365500,0.51667840
28.56000344,3.69365500,0.51667840
28.64000344,3.78307400,0.51667840
28.72000344,3.78307400,0.51667840
28.80000343,3.78307400,0.51667840
28.88000343,3.78307400,0.51667840
28.96000343,3.78307400,0.51667840
29.04000343,3.78307400,0.60640280
29.12000343,3.78307400,0.60640280
29.20000343,3.87279900,0.60640280
29.28000343,3.87279900,0.60640280
29.36000343,3.87279900,0.69582200
29.44000343,3.87279900,0.69582200
29.52000343,3.87279900,0.69582200
29.60000343,3.87279900,0.69582200
29.68000343,3.87279900,0.69582200
29.76000343,3.87279900,0.69582200
29.84000343,3.96221800,0.78554640
29.92000343,3.96221800,0.78554640
30.00000343,3.96221800,0.78554640
30.08000343,3.96221800,0.78554640
30.16000343,3.96221800,0.78554640
30.24000343,4.05194200,0.87527080
30.32000343,4.05194200,0.87527080
30.40000342,3.96221800,0.87527080
30.48000342,4.05194200,0.87527080
30.56000342,4.05194200,0.87527080
30.64000342,4.14166700,0.87527080
30.72000342,4.14166700,0.96469010
30.80000342,4.14166700,0.96469010
30.88000342,4.14166700,0.96469010
30.96000342,4.14166700,0.96469010
31.04000342,4.14166700,1.05441500
31.12000342,4.14166700,1.05441500
31.20000342,4.14166700,1.05441500
31.28000342,4.14166700,1.05441500
31.36000342,4.14166700,1.05441500
31.44000342,4.23108600,1.05441500
31.52000342,4.23108600,1.05441500
31.60000342,4.23108600,1.05441500
31.68000342,4.23108600,1.14383400
31.76000342,4.23108600,1.14383400
31.84000342,4.23108600,1.14383400
31.92000342,4.23108600,1.14383400
32.00000342,4.23108600,1.14383400
32.08000341,4.23108600,1.14383400
32.16000341,4.23108600,1.23355800
32.24000341,4.23108600,1.14383400
32.32000341,4.23108600,1.23355800
32.40000341,4.32081100,1.23355800
32.48000341,4.32081100,1.23355800
32.56000341,4.32081100,1.23355800
32.64000341,4.32081100,1.23355800
32.72000341,4.32081100,1.23355800
32.80000341,4.32081100,1.23355800
32.88000341,4.41053500,1.23355800
32.96000341,4.32081100,1.32297700
33.04000341,4.41053500,1.32297700
33.12000341,4.41053500,1.32297700
33.20000341,4.41053500,1.32297700
33.28000341,4.41053500,1.32297700
33.36000341,4.41053500,1.41270200
33.44000341,4.41053500,1.32297700
33.52000341,4.49995400,1.41270200
33.60000341,4.49995400,1.41270200
33.68000340,4.49995400,1.41270200
33.76000340,4.49995400,1.41270200
33.84000340,4.49995400,1.41270200
33.92000340,4.49995400,1.41270200
34.00000340,4.49995400,1.41270200
34.08000340,4.49995400,1.41270200
34.16000340,4.58967900,1.41270200
34.24000340,4.58967900,1.50212100
34.32000340,4.58967900,1.41270200
34.40000340,4.58967900,1.50212100
34.48000340,4.58967900,1.50212100
34.56000340,4.58967900,1.50212100
34.64000340,4.58967900,1.50212100
34.72000340,4.58967900,1.50212100
34.80000340,4.58967900,1.50212100
34.88000340,4.58967900,1.50212100
34.96000340,4.58967900,1.50212100
35.04000340,4.58967900,1.59184600
35.12000340,4.67940300,1.59184600
35.20000340,4.58967900,1.59184600
35.28000340,4.58967900,1.59184600
35.36000339,4.67940300,1.59184600
35.44000339,4.67940300,1.59184600
35.52000339,4.67940300,1.59184600
35.60000339,4.67940300,1.59184600
35.68000339,4.67940300,1.59184600
35.76000339,4.67940300,1.59184600
35.84000339,4.67940300,1.59184600
35.92000339,4.76882200,1.59184600
36.00000339,4.76882200,1.59184600
36.08000339,4.76882200,1.68157000
36.16000339,4.76882200,1.68157000
36.24000339,4.76882200,1.68157000
36.32000339,4.76882200,1.68157000
36.40000339,4.76882200,1.68157000
36.48000339,4.76882200,1.68157000
36.56000339,4.76882200,1.77098900
36.64000339,4.76882200,1.68157000
36.72000339,4.76882200,1.68157000
36.80000339,4.76882200,1.68157000
36.88000339,4.76882200,1.68157000
36.96000338,4.85854700,1.68157000
37.04000338,4.85854700,1.77098900
37.12000338,4.85854700,1.77098900
37.20000338,4.85854700,1.77098900
37.28000338,4.85854700,1.77098900
37.36000338,4.85854700,1.77098900
37.44000338,4.85854700,1.77098900
37.52000338,4.85854700,1.77098900
37.60000338,4.85854700,1.77098900
37.68000338,4.85854700,1.77098900
37.76000338,4.94827100,1.77098900
37.84000338,4.85854700,1.77098900
37.92000338,4.94827100,1.77098900
38.00000338,4.94827100,1.77098900
38.08000338,4.94827100,1.77098900
38.16000338,4.94827100,1.86071300
38.24000338,4.94827100,1.77098900
38.32000338,4.94827100,1.77098900
38.40000338,4.94827100,1.77098900
38.48000338,4.94827100,1.77098900
38.56000338,4.94827100,1.86071300
38.64000337,4.94827100,1.77098900
38.72000337,4.94827100,1.77098900
38.80000337,4.94827100,1.77098900
38.88000337,4.94827100,1.77098900
38.96000337,4.94827100,1.86071300
39.04000337,4.94827100,1.86071300
39.12000337,4.94827100,1.86071300
39.20000337,4.94827100,1.86071300
39.28000337,4.94827100,1.86071300
39.36000337,4.94827100,1.77098900
39.44000337,4.94827100,1.86071300
39.52000337,5.03769000,1.77098900
39.60000337,5.03769000,1.77098900
39.68000337,5.03769000,1.86071300
39.76000337,5.03769000,1.86071300
39.84000337,5.03769000,1.86071300
39.92000337,5.03769000,1.86071300
40.00000337,5.03769000,1.86071300
40.08000337,5.03769000,1.86071300
40.16000337,5.03769000,1.86071300
40.24000336,5.03769000,1.77098900
40.32000336,5.12741500,1.86071300
40.40000336,5.03769000,1.86071300
40.48000336,5.03769000,1.86071300
40.56000336,5.03769000,1.86071300
40.64000336,5.12741500,1.86071300
40.72000336,5.12741500,1.86071300
40.80000336,5.12741500,1.86071300
40.88000336,5.12741500,1.86071300
40.96000336,5.12741500,1.86071300
41.04000336,5.12741500,1.86071300
41.12000336,5.12741500,1.86071300
41.20000336,5.12741500,1.77098900
41.28000336,5.12741500,1.77098900
41.36000336,5.12741500,1.86071300
41.44000336,5.12741500,1.86071300
41.52000336,5.12741500,1.77098900
41.60000336,5.12741500,1.86071300
41.68000336,5.12741500,1.77098900
41.76000336,5.21683400,1.77098900
41.84000336,5.12741500,1.86071300
41.92000335,5.12741500,1.77098900
42.00000335,5.12741500,1.77098900
42.08000335,5.21683400,1.86071300
42.16000335,5.21683400,1.86071300
42.24000335,5.12741500,1.86071300
42.32000335,5.21683400,1.77098900
42.40000335,5.21683400,1.77098900
42.48000335,5.21683400,1.77098900
42.56000335,5.21683400,1.86071300
42.64000335,5.21683400,1.77098900
42.72000335,5.21683400,1.77098900
42.80000335,5.21683400,1.77098900
42.88000335,5.21683400,1.77098900
42.96000335,5.21683400,1.77098900
43.04000335,5.21683400,1.77098900
43.12000335,5.21683400,1.77098900
43.20000335,5.21683400,1.77098900
43.28000335,5.21683400,1.77098900
43.36000335,5.21683400,1.77098900
43.44000335,5.21683400,1.77098900
43.52000335,5.21683400,1.77098900
43.60000334,5.21683400,1.77098900
43.68000334,5.30655900,1.77098900
43.76000334,5.21683400,1.77098900
43.84000334,5.21683400,1.77098900
43.92000334,5.30655900,1.77098900
44.00000334,5.30655900,1.77098900
44.08000334,5.21683400,1.77098900
44.16000334,5.21683400,1.77098900
44.24000334,5.30655900,1.77098900
44.32000334,5.30655900,1.68157000
44.40000334,5.30655900,1.68157000
44.48000334,5.30655900,1.68157000
44.56000334,5.21683400,1.77098900
44.64000334,5.30655900,1.77098900
44.72000334,5.30655900,1.68157000
44.80000334,5.30655900,1.68157000
44.88000334,5.30655900,1.68157000
44.96000334,5.30655900,1.59184600
45.04000334,5.30655900,1.68157000
45.12000334,5.30655900,1.59184600
45.20000333,5.30655900,1.68157000
45.28000333,5.30655900,1.68157000
45.36000333,5.30655900,1.59184600
45.44000333,5.30655900,1.68157000
45.52000333,5.30655900,1.59184600
45.60000333,5.30655900,1.59184600
45.68000333,5.30655900,1.59184600
45.76000333,5.30655900,1.59184600
45.84000333,5.30655900,1.59184600
45.92000333,5.21683400,1.59184600
46.00000333,5.21683400,1.59184600
46.08000333,5.12741500,1.59184600
46.16000333,5.12741500,1.59184600
46.24000333,5.03769000,1.59184600
46.32000333,4.94827100,1.59184600
46.40000333,4.94827100,1.59184600
46.48000333,4.85854700,1.50212100
46.56000333,4.76882200,1.50212100
46.64000333,4.76882200,1.59184600
46.72000333,4.76882200,1.50212100
46.80000333,4.67940300,1.50212100
46.88000332,4.67940300,1.50212100
46.96000332,4.58967900,1.50212100
47.04000332,4.58967900,1.41270200
47.12000332,4.58967900,1.50212100
47.20000332,4.58967900,1.41270200
47.28000332,4.49995400,1.41270200
47.36000332,4.49995400,1.41270200
47.44000332,4.49995400,1.41270200
47.52000332,4.41053500,1.41270200
47.60000332,4.41053500,1.41270200
47.68000332,4.41053500,1.41270200
47.76000332,4.32081100,1.41270200
47.84000332,4.32081100,1.41270200
47.92000332,4.23108600,1.32297700
48.00000332,4.23108600,1.32297700
48.08000332,4.23108600,1.32297700
48.16000332,4.23108600,1.32297700
48.24000332,4.14166700,1.32297700
48.32000332,4.14166700,1.23355800
48.40000332,4.14166700,1.23355800
48.48000331,4.05194200,1.23355800
48.56000331,4.05194200,1.23355800
48.64000331,3.96221800,1.23355800
48.72000331,3.96221800,1.23355800
48.80000331,3.87279900,1.23355800
48.88000331,3.96221800,1.14383400
48.96000331,3.87279900,1.14383400
49.04000331,3.87279900,1.14383400
49.12000331,3.87279900,1.14383400
49.20000331,3.87279900,1.14383400
49.28000331,3.78307400,1.14383400
49.36000331,3.78307400,1.05441500
49.44000331,3.78307400,1.05441500
49.52000331,3.69365500,1.05441500
49.60000331,3.69365500,1.05441500
49.68000331,3.69365500,0.96469010
49.76000331,3.60393100,0.96469010
49.84000331,3.60393100,0.96469010
49.92000331,3.60393100,0.96469010
50.00000331,3.51420600,0.96469010
50.08000331,3.51420600,0.96469010
50.16000330,3.51420600,0.87527080
50.24000330,3.51420600,0.87527080
50.32000330,3.51420600,0.87527080
50.40000330,3.42478700,0.87527080
50.48000330,3.42478700,0.87527080
50.56000330,3.33506300,0.87527080
50.64000330,3.33506300,0.78554640
50.72000330,3.33506300,0.78554640
50.80000330,3.33506300,0.78554640
50.88000330,3.33506300,0.69582200
50.96000330,3.24533800,0.78554640
51.04000330,3.24533800,0.69582200
51.12000330,3.24533800,0.69582200
51.20000330,3.15591900,0.60640280
51.28000330,3.15591900,0.69582200
51.36000330,3.15591900,0.60640280
51.44000330,3.15591900,0.60640280
51.52000330,3.06619500,0.60640280
51.60000330,3.15591900,0.60640280
51.68000330,3.06619500,0.51667840
51.76000329,3.06619500,0.51667840
51.84000329,3.06619500,0.51667840
51.92000329,3.06619500,0.51667840
52.00000329,3.06619500,0.51667840
52.08000329,2.97647000,0.42725910
52.16000329,2.97647000,0.42725910
52.24000329,2.97647000,0.42725910
52.32000329,2.97647000,0.42725910
52.40000329,2.88705100,0.33753470
52.48000329,2.88705100,0.42725910
52.56000329,2.79732700,0.33753470
52.64000329,2.79732700,0.33753470
52.72000329,2.79732700,0.33753470
52.80000329,2.79732700,0.24811550
52.88000329,2.79732700,0.24811550
52.96000329,2.79732700,0.24811550
53.04000329,2.70790700,0.24811550
53.12000329,2.70790700,0.24811550
53.20000329,2.70790700,0.24811550
53.28000329,2.70790700,0.15839110
53.36000329,2.70790700,0.15839110
53.44000328,2.70790700,0.15839110
53.52000328,2.61818300,0.15839110
53.60000328,2.61818300,0.15839110
53.68000328,2.61818300,0.06866664
53.76000328,2.61818300,0.06866664
53.84000328,2.52845900,0.06866664
53.92000328,2.52845900,-0.02075259
54.00000328,2.52845900,-0.02075259
54.08000328,2.43903900,-0.02075259
54.16000328,2.43903900,-0.02075259
54.24000328,2.43903900,-0.02075259
54.32000328,2.43903900,-0.02075259
54.40000328,2.43903900,-0.11047700
54.48000328,2.43903900,-0.11047700
54.56000328,2.34931500,-0.19989620
54.64000328,2.34931500,-0.19989620
54.72000328,2.34931500,-0.19989620
54.80000328,2.34931500,-0.11047700
54.88000328,2.34931500,-0.19989620
54.96000328,2.25959000,-0.19989620
55.04000328,2.34931500,-0.19989620
55.12000327,2.25959000,-0.28962070
55.20000327,2.25959000,-0.19989620
55.28000327,2.25959000,-0.28962070
55.36000327,2.25959000,-0.28962070
55.44000327,2.17017100,-0.28962070
55.52000327,2.17017100,-0.37903990
55.60000327,2.17017100,-0.37903990
55.68000327,2.17017100,-0.37903990
55.76000327,2.08044700,-0.37903990
55.84000327,2.08044700,-0.37903990
55.92000327,2.08044700,-0.37903990
56.00000327,2.08044700,-0.46876430
56.08000327,2.08044700,-0.46876430
56.16000327,2.08044700,-0.46876430
56.24000327,2.08044700,-0.46876430
56.32000327,2.08044700,-0.55818360
56.40000327,2.08044700,-0.55818360
56.48000327,1.99072200,-0.55818360
56.56000327,2.08044700,-0.55818360
56.64000327,1.99072200,-0.55818360
56.72000326,1.99072200,-0.55818360
56.80000326,1.99072200,-0.55818360
56.88000326,1.90130300,-0.64760280
56.96000326,1.99072200,-0.64760280
57.04000326,1.90130300,-0.64760280
57.12000326,1.90130300,-0.64760280
57.20000326,1.90130300,-0.73732720
57.28000326,1.90130300,-0.73732720
57.36000326,1.90130300,-0.73732720
57.44000326,1.81157900,-0.73732720
57.52000326,1.81157900,-0.73732720
57.60000326,1.90130300,-0.73732720
57.68000326,1.81157900,-0.73732720
57.76000326,1.72185400,-0.73732720
57.84000326,1.72185400,-0.82674640
57.92000326,1.72185400,-0.82674640
58.00000326,1.72185400,-0.82674640
58.08000326,1.72185400,-0.82674640
58.16000326,1.72185400,-0.91647080
58.24000326,1.72185400,-0.91647080
58.32000326,1.72185400,-0.91647080
58.40000325,1.72185400,-0.91647080
58.48000325,1.72185400,-0.91647080
58.56000325,1.72185400,-0.91647080
58.64000325,1.72185400,-0.91647080
58.72000325,1.63243500,-0.91647080
58.80000325,1.63243500,-1.00589000
58.88000325,1.63243500,-1.00589000
58.96000325,1.63243500,-1.00589000
59.04000325,1.63243500,-1.09561400
59.12000325,1.63243500,-1.00589000
59.20000325,1.54271100,-1.00589000
59.28000325,1.63243500,-1.09561400
59.36000325,1.54271100,-1.09561400
59.44000325,1.54271100,-1.09561400
59.52000325,1.54271100,-1.18503400
59.60000325,1.54271100,-1.09561400
59.68000325,1.54271100,-1.09561400
59.76000325,1.54271100,-1.18503400
59.84000325,1.45329100,-1.18503400
59.92000325,1.45329100,-1.18503400
60.00000324,1.45329100,-1.18503400
60.08000324,1.45329100,-1.18503400
60.16000324,1.45329100,-1.27475800
60.24000324,1.45329100,-1.27475800
60.32000324,1.45329100,-1.27475800
60.40000324,1.36356700,-1.27475800
60.48000324,1.45329100,-1.27475800
60.56000324,1.36356700,-1.27475800
60.64000324,1.36356700,-1.27475800
60.72000324,1.36356700,-1.27475800
60.80000324,1.36356700,-1.27475800
60.88000324,1.36356700,-1.36448300
60.96000324,1.36356700,-1.36448300
61.04000324,1.36356700,-1.36448300
61.12000324,1.36356700,-1.36448300
61.20000324,1.36356700,-1.36448300
61.28000324,1.36356700,-1.36448300
61.36000324,1.36356700,-1.45390200
61.44000324,1.36356700,-1.45390200
61.52000324,1.27384300,-1.45390200
61.60000324,1.36356700,-1.45390200
61.68000323,1.27384300,-1.45390200
61.76000323,1.27384300,-1.45390200
61.84000323,1.27384300,-1.45390200
61.92000323,1.27384300,-1.45390200
62.00000323,1.27384300,-1.45390200
62.08000323,1.27384300,-1.45390200
62.16000323,1.27384300,-1.54362600
62.24000323,1.27384300,-1.45390200
62.32000323,1.27384300,-1.54362600
62.40000323,1.18442300,-1.45390200
62.48000323,1.18442300,-1.54362600
62.56000323,1.18442300,-1.54362600
62.64000323,1.18442300,-1.54362600
62.72000323,1.18442300,-1.54362600
62.80000323,1.18442300,-1.54362600
62.88000323,1.09469900,-1.54362600
62.96000323,1.09469900,-1.54362600
63.04000323,1.09469900,-1.63304500
63.12000323,1.09469900,-1.63304500
63.20000323,1.09469900,-1.63304500
63.28000322,1.09469900,-1.54362600
63.36000322,1.09469900,-1.54362600
63.44000322,1.09469900,-1.63304500
63.52000322,1.09469900,-1.63304500
63.60000322,1.09469900,-1.63304500
63.68000322,1.09469900,-1.63304500
63.76000322,1.09469900,-1.63304500
63.84000322,1.00497400,-1.63304500
63.92000322,1.00497400,-1.63304500
64.00000322,1.00497400,-1.63304500
64.08000322,1.00497400,-1.63304500
64.16000322,1.00497400,-1.63304500
64.24000322,1.00497400,-1.63304500
64.32000322,1.00497400,-1.63304500
64.40000322,1.00497400,-1.63304500
64.48000322,1.00497400,-1.63304500
64.56000322,1.00497400,-1.63304500
64.64000322,1.00497400,-1.63304500
64.72000322,1.00497400,-1.72277000
64.80000322,1.00497400,-1.72277000
64.88000322,1.00497400,-1.72277000
64.96000321,0.91555530,-1.72277000
65.04000321,0.91555530,-1.72277000
65.12000321,1.00497400,-1.72277000
65.20000321,0.91555530,-1.72277000
65.28000321,0.91555530,-1.72277000
65.36000321,0.91555530,-1.72277000
65.44000321,0.91555530,-1.72277000
65.52000321,0.91555530,-1.72277000
65.60000321,0.91555530,-1.72277000
65.68000321,0.91555530,-1.72277000
65.76000321,0.91555530,-1.72277000
65.84000321,0.91555530,-1.72277000
65.92000321,0.91555530,-1.72277000
66.00000321,0.91555530,-1.72277000
66.08000321,0.91555530,-1.72277000
66.16000321,0.91555530,-1.72277000
66.24000321,0.91555530,-1.72277000
66.32000321,0.91555530,-1.72277000
66.40000321,0.82583090,-1.72277000
66.48000321,0.82583090,-1.72277000
66.56000321,0.82583090,-1.81218900
66.64000320,0.82583090,-1.81218900
66.72000320,0.82583090,-1.72277000
66.80000320,0.82583090,-1.81218900
66.88000320,0.82583090,-1.72277000
66.96000320,0.82583090,-1.72277000
67.04000320,0.82583090,-1.72277000
67.12000320,0.82583090,-1.72277000
67.20000320,0.82583090,-1.72277000
67.28000320,0.82583090,-1.72277000
67.36000320,0.82583090,-1.72277000
67.44000320,0.73610650,-1.81218900
67.52000320,0.73610650,-1.81218900
67.60000320,0.73610650,-1.72277000
67.68000320,0.73610650,-1.81218900
67.76000320,0.82583090,-1.72277000
67.84000320,0.73610650,-1.81218900
67.92000320,0.73610650,-1.81218900
68.00000320,0.73610650,-1.81218900
68.08000320,0.73610650,-1.72277000
68.16000320,0.73610650,-1.81218900
68.24000319,0.73610650,-1.72277000
68.32000319,0.73610650,-1.72277000
68.40000319,0.73610650,-1.81218900
68.48000319,0.73610650,-1.72277000
68.56000319,0.64668720,-1.72277000
68.64000319,0.64668720,-1.72277000
68.72000319,0.73610650,-1.72277000
68.80000319,0.64668720,-1.81218900
68.88000319,0.64668720,-1.81218900
68.96000319,0.64668720,-1.81218900
69.04000319,0.64668720,-1.72277000
69.12000319,0.64668720,-1.72277000
69.20000319,0.64668720,-1.72277000
69.28000319,0.64668720,-1.72277000
69.36000319,0.64668720,-1.72277000
69.44000319,0.64668720,-1.72277000
69.52000319,0.64668720,-1.72277000
69.60000319,0.64668720,-1.72277000
69.68000319,0.64668720,-1.81218900
69.76000319,0.64668720,-1.72277000
69.84000319,0.64668720,-1.72277000
69.92000318,0.64668720,-1.72277000
70.00000318,0.64668720,-1.72277000
70.08000318,0.64668720,-1.72277000
70.16000318,0.64668720,-1.72277000
70.24000318,0.64668720,-1.72277000
70.32000318,0.55696280,-1.72277000
70.40000318,0.64668720,-1.72277000
70.48000318,0.64668720,-1.72277000
70.56000318,0.64668720,-1.72277000
70.64000318,0.64668720,-1.72277000
70.72000318,0.55696280,-1.72277000
70.80000318,0.55696280,-1.72277000
70.88000318,0.55696280,-1.63304500
70.96000318,0.55696280,-1.72277000
71.04000318,0.55696280,-1.63304500
71.12000318,0.55696280,-1.72277000
71.20000318,0.55696280,-1.63304500
71.28000318,0.55696280,-1.63304500
71.36000318,0.55696280,-1.63304500
71.44000318,0.64668720,-1.63304500
71.52000317,0.55696280,-1.63304500
71.60000317,0.55696280,-1.72277000
71.68000317,0.55696280,-1.63304500
71.76000317,0.55696280,-1.63304500
71.84000317,0.55696280,-1.63304500
71.92000317,0.55696280,-1.63304500
72.00000317,0.55696280,-1.63304500
72.08000317,0.55696280,-1.63304500
72.16000317,0.55696280,-1.63304500
72.24000317,0.55696280,-1.63304500
72.32000317,0.55696280,-1.63304500
72.40000317,0.55696280,-1.63304500
72.48000317,0.55696280,-1.63304500
72.56000317,0.55696280,-1.63304500
72.64000317,0.55696280,-1.63304500
72.72000317,0.46754360,-1.54362600
72.80000317,0.46754360,-1.54362600
72.88000317,0.46754360,-1.63304500
72.96000317,0.55696280,-1.54362600
73.04000317,0.46754360,-1.63304500
73.12000317,0.55696280,-1.54362600
73.20000316,0.64668720,-1.54362600
73.28000316,0.55696280,-1.54362600
73.36000316,0.64668720,-1.54362600
73.44000316,0.64668720,-1.54362600
73.52000316,0.73610650,-1.54362600
73.60000316,0.82583090,-1.54362600
73.68000316,0.82583090,-1.54362600
73.76000316,0.91555530,-1.45390200
73.84000316,1.00497400,-1.54362600
73.92000316,1.00497400,-1.54362600
74.00000316,1.00497400,-1.45390200
74.08000316,1.00497400,-1.45390200
74.16000316,1.09469900,-1.45390200
74.24000316,1.09469900,-1.45390200
74.32000316,1.18442300,-1.45390200
74.40000316,1.18442300,-1.45390200
74.48000316,1.27384300,-1.45390200
74.56000316,1.27384300,-1.45390200
74.64000316,1.27384300,-1.45390200
74.72000316,1.36356700,-1.36448300
74.80000315,1.36356700,-1.36448300
74.88000315,1.36356700,-1.36448300
74.96000315,1.36356700,-1.36448300
75.04000315,1.45329100,-1.36448300
75.12000315,1.45329100,-1.36448300
75.20000315,1.54271100,-1.27475800
75.28000315,1.54271100,-1.27475800
75.36000315,1.63243500,-1.27475800
75.44000315,1.63243500,-1.27475800
75.52000315,1.63243500,-1.27475800
75.60000315,1.72185400,-1.27475800
75.68000315,1.72185400,-1.27475800
75.76000315,1.72185400,-1.18503400
75.84000315,1.72185400,-1.18503400
75.92000315,1.81157900,-1.09561400
76.00000315,1.81157900,-1.09561400
76.08000315,1.81157900,-1.09561400
76.16000315,1.90130300,-1.09561400
76.24000315,1.90130300,-1.09561400
76.32000315,1.90130300,-1.09561400
76.40000315,1.99072200,-1.09561400
76.48000314,1.99072200,-1.00589000
76.56000314,1.99072200,-1.00589000
76.64000314,2.08044700,-1.00589000
76.72000314,2.08044700,-1.00589000
76.80000314,2.08044700,-1.00589000
76.88000314,2.08044700,-0.91647080
76.96000314,2.08044700,-1.00589000
77.04000314,2.17017100,-0.91647080
77.12000314,2.17017100,-0.91647080
77.20000314,2.25959000,-0.91647080
77.28000314,2.25959000,-0.82674640
77.36000314,2.25959000,-0.82674640
77.44000314,2.25959000,-0.82674640
77.52000314,2.34931500,-0.82674640
77.60000314,2.34931500,-0.82674640
77.68000314,2.34931500,-0.82674640
77.76000314,2.43903900,-0.82674640
77.84000314,2.43903900,-0.82674640
77.92000314,2.43903900,-0.73732720
78.00000314,2.43903900,-0.73732720
78.08000314,2.43903900,-0.73732720
78.16000313,2.52845900,-0.73732720
78.24000313,2.52845900,-0.73732720
78.32000313,2.52845900,-0.64760280
78.40000313,2.61818300,-0.64760280
78.48000313,2.61818300,-0.64760280
78.56000313,2.61818300,-0.55818360
78.64000313,2.70790700,-0.64760280
78.72000313,2.70790700,-0.55818360
78.80000313,2.70790700,-0.55818360
78.88000313,2.70790700,-0.55818360
78.96000313,2.70790700,-0.55818360
79.04000313,2.79732700,-0.55818360
79.12000313,2.79732700,-0.46876430
79.20000313,2.79732700,-0.46876430
79.28000313,2.79732700,-0.46876430
79.36000313,2.79732700,-0.46876430
79.44000313,2.88705100,-0.37903990
79.52000313,2.88705100,-0.37903990
79.60000313,2.88705100,-0.37903990
79.68000313,2.97647000,-0.37903990
79.76000312,2.97647000,-0.37903990
79.84000312,2.97647000,-0.28962070
79.92000312,2.97647000,-0.28962070
80.00000312,2.97647000,-0.28962070
80.08000312,3.06619500,-0.28962070
80.16000312,3.06619500,-0.28962070
80.24000312,3.06619500,-0.19989620
80.32000312,3.15591900,-0.19989620
80.40000312,3.06619500,-0.19989620
80.48000312,3.15591900,-0.19989620
80.56000312,3.15591900,-0.11047700
80.64000312,3.15591900,-0.11047700
80.72000312,3.15591900,-0.11047700
80.80000312,3.15591900,-0.02075259
80.88000312,3.15591900,-0.11047700
80.96000312,3.24533800,-0.11047700
81.04000312,3.24533800,-0.02075259
81.12000312,3.24533800,-0.02075259
81.20000312,3.24533800,-0.02075259
81.28000312,3.24533800,-0.02075259
81.36000312,3.33506300,-0.02075259
81.44000311,3.33506300,0.06866664
81.52000311,3.33506300,0.06866664
81.60000311,3.33506300,0.06866664
81.68000311,3.42478700,0.15839110
81.76000311,3.42478700,0.15839110
81.84000311,3.42478700,0.15839110
81.92000311,3.42478700,0.15839110
82.00000311,3.51420600,0.24811550
82.08000311,3.51420600,0.15839110
82.16000311,3.51420600,0.24811550
82.24000311,3.51420600,0.24811550
82.32000311,3.51420600,0.24811550
82.40000311,3.51420600,0.24811550
82.48000311,3.51420600,0.24811550
82.56000311,3.60393100,0.33753470
82.64000311,3.51420600,0.33753470
82.72000311,3.60393100,0.33753470
82.80000311,3.60393100,0.42725910
82.88000311,3.60393100,0.42725910
82.96000311,3.69365500,0.42725910
83.04000310,3.60393100,0.42725910
83.12000310,3.69365500,0.42725910
83.20000310,3.69365500,0.42725910
83.28000310,3.69365500,0.51667840
83.36000310,3.69365500,0.51667840
83.44000310,3.78307400,0.51667840
83.52000310,3.78307400,0.51667840
83.60000310,3.78307400,0.51667840
83.68000310,3.78307400,0.60640280
83.76000310,3.78307400,0.60640280
83.84000310,3.78307400,0.60640280
83.92000310,3.78307400,0.60640280
84.00000310,3.87279900,0.60640280
84.08000310,3.87279900,0.69582200
84.16000310,3.87279900,0.69582200
84.24000310,3.87279900,0.69582200
84.32000310,3.87279900,0.69582200
84.40000310,3.87279900,0.69582200
84.48000310,3.87279900,0.78554640
84.56000310,3.87279900,0.78554640
84.64000310,3.96221800,0.69582200
84.72000309,3.96221800,0.78554640
84.80000309,3.96221800,0.78554640
84.88000309,3.96221800,0.78554640
84.96000309,3.96221800,0.78554640
85.04000309,3.96221800,0.87527080
85.12000309,3.96221800,0.87527080
85.20000309,4.05194200,0.87527080
85.28000309,4.05194200,0.87527080
85.36000309,4.05194200,0.96469010
85.44000309,4.05194200,0.87527080
85.52000309,4.14166700,0.96469010
85.60000309,4.14166700,0.96469010
85.68000309,4.14166700,0.96469010
85.76000309,4.14166700,0.96469010
85.84000309,4.14166700,1.05441500
85.92000309,4.14166700,0.96469010
86.00000309,4.14166700,1.05441500
86.08000309,4.14166700,1.05441500
86.16000309,4.23108600,1.05441500
86.24000309,4.23108600,1.05441500
86.32000308,4.23108600,1.05441500
86.40000308,4.23108600,1.05441500
86.48000308,4.23108600,1.14383400
86.56000308,4.23108600,1.14383400
86.64000308,4.23108600,1.14383400
86.72000308,4.23108600,1.14383400
86.80000308,4.23108600,1.23355800
86.88000308,4.23108600,1.14383400
86.96000308,4.23108600,1.14383400
87.04000308,4.23108600,1.23355800
87.12000308,4.32081100,1.23355800
87.20000308,4.32081100,1.23355800
87.28000308,4.32081100,1.23355800
87.36000308,4.32081100,1.23355800
87.44000308,4.32081100,1.23355800
87.52000308,4.41053500,1.23355800
87.60000308,4.32081100,1.32297700
87.68000308,4.41053500,1.32297700
87.76000308,4.41053500,1.32297700
87.84000308,4.41053500,1.32297700
87.92000308,4.41053500,1.32297700
88.00000307,4.41053500,1.32297700
88.08000307,4.41053500,1.32297700
88.16000307,4.49995400,1.32297700
88.24000307,4.49995400,1.32297700
88.32000307,4.49995400,1.41270200
88.40000307,4.49995400,1.41270200
88.48000307,4.49995400,1.41270200
88.56000307,4.49995400,1.41270200
88.64000307,4.49995400,1.41270200
88.72000307,4.49995400,1.41270200
88.80000307,4.49995400,1.41270200
88.88000307,4.49995400,1.41270200
88.96000307,4.58967900,1.50212100
89.04000307,4.58967900,1.50212100
89.12000307,4.58967900,1.50212100
89.20000307,4.58967900,1.41270200
89.28000307,4.58967900,1.50212100
89.36000307,4.58967900,1.50212100
89.44000307,4.58967900,1.50212100
89.52000307,4.58967900,1.50212100
89.60000307,4.58967900,1.59184600
89.68000306,4.58967900,1.50212100
89.76000306,4.58967900,1.59184600
89.84000306,4.58967900,1.59184600
89.92000306,4.58967900,1.59184600
90.00000306,4.58967900,1.59184600
90.08000306,4.58967900,1.59184600
90.16000306,4.67940300,1.59184600
90.24000306,4.67940300,1.59184600
90.32000306,4.67940300,1.59184600
90.40000306,4.67940300,1.59184600
90.48000306,4.67940300,1.59184600
90.56000306,4.67940300,1.68157000
90.64000306,4.67940300,1.59184600
90.72000306,4.67940300,1.59184600
90.80000306,4.67940300,1.68157000
90.88000306,4.67940300,1.59184600
90.96000306,4.76882200,1.68157000
91.04000306,4.76882200,1.68157000
91.12000306,4.76882200,1.68157000
91.20000306,4.76882200,1.68157000
91.28000305,4.76882200,1.68157000
91.36000305,4.76882200,1.77098900
91.44000305,4.85854700,1.68157000
91.52000305,4.76882200,1.68157000
91.60000305,4.76882200,1.68157000
91.68000305,4.76882200,1.68157000
91.76000305,4.85854700,1.77098900
91.84000305,4.76882200,1.77098900
91.92000305,4.85854700,1.77098900
92.00000305,4.85854700,1.77098900
92.08000305,4.85854700,1.77098900
92.16000305,4.85854700,1.77098900
92.24000305,4.85854700,1.77098900
92.32000305,4.85854700,1.77098900
92.40000305,4.85854700,1.77098900
92.48000305,4.85854700,1.77098900
92.56000305,4.85854700,1.77098900
92.64000305,4.85854700,1.77098900
92.72000305,4.94827100,1.77098900
92.80000305,4.85854700,1.77098900
92.88000305,4.94827100,1.86071300
92.96000304,4.94827100,1.77098900
93.04000304,4.94827100,1.77098900
93.12000304,4.94827100,1.77098900
93.20000304,4.94827100,1.77098900
93.28000304,4.94827100,1.77098900
93.36000304,4.94827100,1.77098900
93.44000304,4.94827100,1.86071300
93.52000304,4.94827100,1.86071300
93.60000304,4.94827100,1.86071300
93.68000304,4.94827100,1.86071300
93.76000304,4.94827100,1.77098900
93.84000304,4.94827100,1.77098900
93.92000304,4.94827100,1.77098900
94.00000304,4.94827100,1.86071300
94.08000304,4.94827100,1.86071300
94.16000304,4.94827100,1.77098900
94.24000304,5.03769000,1.86071300
94.32000304,4.94827100,1.86071300
94.40000304,5.03769000,1.77098900
94.48000304,4.94827100,1.77098900
94.56000303,5.03769000,1.86071300
94.64000303,5.03769000,1.86071300
94.72000303,5.03769000,1.86071300
94.80000303,5.03769000,1.77098900
94.88000303,5.03769000,1.86071300
94.96000303,5.03769000,1.86071300
95.04000303,5.03769000,1.86071300
95.12000303,5.03769000,1.86071300
95.20000303,5.03769000,1.86071300
95.28000303,5.03769000,1.86071300
95.36000303,5.12741500,1.86071300
95.44000303,5.12741500,1.86071300
95.52000303,5.03769000,1.86071300
95.60000303,5.03769000,1.86071300
95.68000303,5.03769000,1.86071300
95.76000303,5.12741500,1.77098900
95.84000303,5.12741500,1.86071300
95.92000303,5.12741500,1.86071300
96.00000303,5.12741500,1.77098900
96.08000303,5.12741500,1.86071300
96.16000303,5.12741500,1.86071300
96.24000302,5.12741500,1.77098900
96.32000302,5.12741500,1.86071300
96.40000302,5.12741500,1.86071300
96.48000302,5.12741500,1.86071300
96.56000302,5.12741500,1.86071300
96.64000302,5.21683400,1.86071300
96.72000302,5.12741500,1.86071300
96.80000302,5.21683400,1.77098900
96.88000302,5.12741500,1.86071300
96.96000302,5.21683400,1.77098900
97.04000302,5.21683400,1.77098900
97.12000302,5.21683400,1.77098900
97.20000302,5.21683400,1.77098900
97.28000302,5.21683400,1.77098900
97.36000302,5.21683400,1.86071300
97.44000302,5.21683400,1.77098900
97.52000302,5.21683400,1.77098900
97.60000302,5.21683400,1.77098900
97.68000302,5.21683400,1.77098900
97.76000302,5.21683400,1.77098900
97.84000301,5.21683400,1.86071300
97.92000301,5.30655900,1.77098900
98.00000301,5.21683400,1.77098900
98.08000301,5.21683400,1.77098900
98.16000301,5.21683400,1.77098900
98.24000301,5.21683400,1.77098900
98.32000301,5.30655900,1.77098900
98.40000301,5.21683400,1.77098900
98.48000301,5.30655900,1.77098900
98.56000301,5.21683400,1.77098900
98.64000301,5.30655900,1.77098900
98.72000301,5.30655900,1.77098900
98.80000301,5.30655900,1.77098900
98.88000301,5.30655900,1.77098900
98.96000301,5.30655900,1.68157000
99.04000301,5.30655900,1.68157000
99.12000301,5.30655900,1.77098900
99.20000301,5.30655900,1.68157000
99.28000301,5.30655900,1.68157000
99.36000301,5.30655900,1.77098900
99.44000301,5.30655900,1.68157000
99.52000300,5.30655900,1.68157000
99.60000300,5.30655900,1.68157000
99.68000300,5.30655900,1.68157000
99.76000300,5.30655900,1.68157000
99.84000300,5.30655900,1.68157000
99.92000300,5.30655900,1.68157000
100.00000300,5.30655900,1.68157000
100.08000300,5.30655900,1.59184600
